-- MySQL dump 10.13  Distrib 5.7.17, for Win64 (x86_64)
--
-- Host: localhost    Database: b-scored
-- ------------------------------------------------------
-- Server version	5.7.21-0ubuntu0.16.04.1-log

/*!40101 SET @OLD_CHARACTER_SET_CLIENT=@@CHARACTER_SET_CLIENT */;
/*!40101 SET @OLD_CHARACTER_SET_RESULTS=@@CHARACTER_SET_RESULTS */;
/*!40101 SET @OLD_COLLATION_CONNECTION=@@COLLATION_CONNECTION */;
/*!40101 SET NAMES utf8 */;
/*!40103 SET @OLD_TIME_ZONE=@@TIME_ZONE */;
/*!40103 SET TIME_ZONE='+00:00' */;
/*!40014 SET @OLD_UNIQUE_CHECKS=@@UNIQUE_CHECKS, UNIQUE_CHECKS=0 */;
/*!40014 SET @OLD_FOREIGN_KEY_CHECKS=@@FOREIGN_KEY_CHECKS, FOREIGN_KEY_CHECKS=0 */;
/*!40101 SET @OLD_SQL_MODE=@@SQL_MODE, SQL_MODE='NO_AUTO_VALUE_ON_ZERO' */;
/*!40111 SET @OLD_SQL_NOTES=@@SQL_NOTES, SQL_NOTES=0 */;

--
-- Table structure for table `competitionDetails`
--

DROP TABLE IF EXISTS `competitionDetails`;
/*!40101 SET @saved_cs_client     = @@character_set_client */;
/*!40101 SET character_set_client = utf8 */;
CREATE TABLE `competitionDetails` (
  `id` int(11) unsigned NOT NULL AUTO_INCREMENT,
  `teamId` int(11) DEFAULT NULL,
  `competitionId` int(11) DEFAULT NULL,
  `matchId` int(11) DEFAULT NULL,
  `score` int(11) DEFAULT NULL,
  `roundNoQualifiedFor` int(11) DEFAULT NULL,
  PRIMARY KEY (`id`)
) ENGINE=InnoDB DEFAULT CHARSET=utf8mb4 COLLATE=utf8mb4_unicode_ci;
/*!40101 SET character_set_client = @saved_cs_client */;

--
-- Dumping data for table `competitionDetails`
--

LOCK TABLES `competitionDetails` WRITE;
/*!40000 ALTER TABLE `competitionDetails` DISABLE KEYS */;
/*!40000 ALTER TABLE `competitionDetails` ENABLE KEYS */;
UNLOCK TABLES;

--
-- Table structure for table `competitionVenues`
--

DROP TABLE IF EXISTS `competitionVenues`;
/*!40101 SET @saved_cs_client     = @@character_set_client */;
/*!40101 SET character_set_client = utf8 */;
CREATE TABLE `competitionVenues` (
  `id` int(10) unsigned NOT NULL AUTO_INCREMENT,
  `title` varchar(255) COLLATE utf8mb4_unicode_ci NOT NULL,
  `address` varchar(255) COLLATE utf8mb4_unicode_ci DEFAULT '',
  `phone` varchar(255) COLLATE utf8mb4_unicode_ci DEFAULT '',
  `start_date` varchar(255) COLLATE utf8mb4_unicode_ci NOT NULL,
  `round` int(11) DEFAULT '0',
  `type` int(11) DEFAULT NULL,
  `topTeamChoice` int(11) DEFAULT '0',
  `winnerTeamId` int(11) DEFAULT NULL,
  PRIMARY KEY (`id`)
) ENGINE=InnoDB AUTO_INCREMENT=182 DEFAULT CHARSET=utf8mb4 COLLATE=utf8mb4_unicode_ci;
/*!40101 SET character_set_client = @saved_cs_client */;

--
-- Dumping data for table `competitionVenues`
--

LOCK TABLES `competitionVenues` WRITE;
/*!40000 ALTER TABLE `competitionVenues` DISABLE KEYS */;
INSERT INTO `competitionVenues` VALUES (105,'2018 Teen Division',NULL,NULL,'2018-02-24',0,1,0,NULL),(106,'2018 Adult Division',NULL,NULL,'2018-02-24',0,1,0,NULL),(107,'2018 Youth Division',NULL,NULL,'2018-02-24',2,2,8,NULL),(108,'test',NULL,NULL,'2018-02-24',1,2,0,NULL),(109,'Youth Division R2',NULL,NULL,'2018-02-24',1,2,0,NULL),(110,'Youth Division Top 4',NULL,NULL,'2018-02-24',1,2,0,NULL),(111,'Teen Finals',NULL,NULL,'2018-02-24',1,1,0,NULL),(112,'Youth Finals',NULL,NULL,'2018-02-24',1,2,0,NULL),(114,'2vs2 competition test 1',NULL,NULL,'2018-03-08',4,2,8,309),(115,'2vs2 competition test 2',NULL,NULL,'2018-03-08',2,2,2,302),(116,'1vs1 competition test 1',NULL,NULL,'2018-03-08',1,1,0,NULL),(117,'2vs2 competition test 3',NULL,NULL,'2018-03-08',1,2,0,NULL),(118,'2vs2 competition test 4','lahore','3217588502','2018-03-10',1,2,0,NULL),(119,'2vs2 T Test',NULL,NULL,'2018-03-11',3,2,8,NULL),(122,'2 vs 2 c1',NULL,NULL,'2018-03-12',1,2,0,NULL),(123,'Test by Low-high scorers',NULL,NULL,'2018-03-12',2,2,8,NULL),(124,'South East Amateurs',NULL,NULL,'2018-03-12',2,2,8,NULL),(125,'Top 32 means top 32 individuals/teams = for us this means top 16',NULL,NULL,'2018-03-12',1,2,0,NULL),(126,'test 1 awais',NULL,NULL,'2018-03-13',1,2,0,NULL),(127,'competition test mawais',NULL,NULL,'2018-03-14',2,2,16,NULL),(128,'SouthEast Test',NULL,NULL,'2018-03-13',1,2,0,NULL),(129,'Youth Division SE',NULL,NULL,'2018-03-15',2,2,8,NULL),(132,'test new 1',NULL,NULL,'2018-03-15',2,2,1,NULL),(133,'2vs2 competition test',NULL,NULL,'2018-03-15',2,2,2,NULL),(155,'2018 Youth Division',NULL,NULL,'2018-03-17',4,2,8,NULL),(156,'2018 Teen Division',NULL,NULL,'2018-03-17',2,1,2,NULL),(157,'2018 Adult Division',NULL,NULL,'2018-03-17',3,1,4,NULL),(160,'fake one',NULL,NULL,'2018-03-17',1,2,0,NULL),(161,'Fake 3',NULL,NULL,'03-17-2018',1,1,0,NULL),(162,'test 1 awais',NULL,NULL,'2018-03-19',1,2,0,NULL),(163,'test 2 awais',NULL,NULL,'2018-03-19',2,2,16,NULL),(164,'test - 3 awais',NULL,NULL,'2018-03-19',5,2,16,350),(165,'test 4 awais',NULL,NULL,'2018-03-19',0,2,0,NULL),(166,'Mock Battle',NULL,NULL,'2018-03-28',2,1,2,NULL),(167,'mock 2',NULL,NULL,'2018-03-28',2,1,2,NULL),(168,'t1',NULL,NULL,'2018-03-28',1,2,0,NULL),(169,'t2',NULL,NULL,'2018-03-28',1,1,0,NULL),(170,'1vs1',NULL,NULL,'2018-03-28',2,1,2,NULL),(171,'2vs2',NULL,NULL,'2018-03-28',4,2,8,NULL),(172,'1v1 new 29-03-2018',NULL,NULL,'2018-03-29',1,1,0,NULL),(173,'2v2 new 29-03-2018',NULL,NULL,'2018-03-29',1,2,0,NULL),(174,'2018 Spring Break',NULL,NULL,'2018-03-30',2,1,2,NULL),(175,'test 1',NULL,NULL,'2018-04-02',1,2,0,NULL),(176,'2018 Youth South West',NULL,NULL,'2018-04-08',2,2,8,NULL),(177,'2018 Teen South West',NULL,NULL,'2018-04-08',4,1,8,NULL),(178,'test 2018 1v1',NULL,NULL,'2018-04-08',2,1,16,NULL),(179,'test 2vs2',NULL,NULL,'2018-04-08',2,2,8,NULL),(181,'test',NULL,NULL,'2018-04-09',1,2,0,NULL);
/*!40000 ALTER TABLE `competitionVenues` ENABLE KEYS */;
UNLOCK TABLES;

--
-- Table structure for table `competition_criterias`
--

DROP TABLE IF EXISTS `competition_criterias`;
/*!40101 SET @saved_cs_client     = @@character_set_client */;
/*!40101 SET character_set_client = utf8 */;
CREATE TABLE `competition_criterias` (
  `id` int(10) unsigned NOT NULL AUTO_INCREMENT,
  `competitionid` varchar(255) COLLATE utf8mb4_unicode_ci NOT NULL,
  `criteriaid` varchar(255) COLLATE utf8mb4_unicode_ci NOT NULL,
  PRIMARY KEY (`id`)
) ENGINE=InnoDB AUTO_INCREMENT=635 DEFAULT CHARSET=utf8mb4 COLLATE=utf8mb4_unicode_ci;
/*!40101 SET character_set_client = @saved_cs_client */;

--
-- Dumping data for table `competition_criterias`
--

LOCK TABLES `competition_criterias` WRITE;
/*!40000 ALTER TABLE `competition_criterias` DISABLE KEYS */;
INSERT INTO `competition_criterias` VALUES (1,'1','12'),(2,'1','16'),(3,'1','13'),(4,'3','12'),(5,'3','13'),(6,'3','16'),(7,'6','12'),(8,'6','16'),(9,'6','14'),(10,'7','12'),(11,'7','16'),(12,'7','15'),(13,'8','12'),(14,'8','13'),(15,'8','16'),(16,'9','12'),(17,'9','13'),(18,'9','14'),(19,'10','12'),(20,'10','16'),(21,'10','14'),(22,'11','12'),(23,'11','13'),(24,'11','14'),(25,'12','12'),(26,'12','13'),(27,'12','16'),(28,'13','12'),(29,'13','13'),(30,'13','16'),(31,'14','12'),(32,'14','13'),(33,'14','16'),(34,'14','11'),(35,'16','12'),(36,'16','13'),(37,'16','14'),(38,'16','11'),(39,'16','15'),(40,'17','12'),(41,'17','13'),(42,'17','16'),(43,'20','12'),(44,'20','13'),(45,'20','16'),(46,'20','11'),(47,'20','15'),(48,'21','12'),(49,'21','16'),(50,'21','11'),(51,'22','12'),(52,'22','16'),(53,'22','11'),(54,'23','12'),(55,'23','13'),(56,'23','14'),(57,'24','12'),(58,'24','13'),(59,'24','14'),(60,'25','12'),(61,'25','16'),(62,'25','11'),(63,'25','15'),(64,'26','12'),(65,'26','13'),(66,'26','14'),(67,'26','16'),(68,'26','15'),(69,'27','12'),(70,'27','13'),(71,'27','16'),(72,'29','12'),(73,'29','13'),(74,'29','16'),(75,'29','15'),(76,'29','11'),(77,'29','14'),(78,'30','15'),(79,'30','11'),(80,'30','14'),(81,'30','16'),(82,'30','12'),(83,'30','13'),(84,'31','13'),(85,'31','14'),(86,'31','12'),(87,'31','16'),(88,'31','11'),(89,'31','15'),(90,'32','12'),(91,'32','13'),(92,'32','14'),(93,'33','12'),(94,'33','11'),(95,'33','15'),(96,'33','14'),(97,'33','16'),(98,'33','13'),(99,'34','13'),(100,'34','16'),(101,'34','11'),(102,'35','12'),(103,'35','16'),(104,'35','14'),(105,'35','15'),(106,'36','12'),(107,'36','13'),(108,'36','16'),(109,'37','16'),(110,'37','14'),(111,'37','11'),(112,'37','15'),(113,'37','12'),(114,'37','13'),(115,'38','12'),(116,'38','13'),(117,'38','16'),(118,'39','12'),(119,'39','11'),(120,'39','15'),(121,'40','12'),(122,'40','16'),(123,'40','11'),(124,'41','12'),(125,'41','13'),(126,'41','14'),(127,'41','11'),(128,'41','15'),(129,'41','16'),(130,'42','12'),(131,'42','13'),(132,'42','16'),(133,'42','14'),(134,'43','12'),(135,'43','13'),(136,'43','16'),(137,'44','12'),(138,'44','16'),(139,'44','14'),(140,'45','12'),(141,'45','13'),(142,'45','16'),(143,'46','12'),(144,'46','13'),(145,'46','14'),(146,'47','12'),(147,'47','13'),(148,'47','11'),(149,'48','12'),(150,'48','16'),(151,'48','11'),(152,'48','15'),(153,'49','11'),(154,'49','12'),(155,'49','13'),(156,'49','14'),(157,'49','15'),(158,'49','16'),(159,'51','11'),(160,'51','12'),(161,'51','13'),(162,'51','14'),(163,'51','15'),(164,'51','16'),(165,'50','11'),(166,'50','12'),(167,'50','13'),(168,'50','14'),(169,'50','15'),(170,'50','16'),(171,'52','11'),(172,'52','12'),(173,'52','13'),(174,'52','14'),(175,'54','11'),(176,'54','12'),(177,'54','13'),(178,'54','14'),(179,'54','15'),(180,'54','16'),(181,'55','11'),(182,'55','12'),(183,'55','13'),(184,'55','14'),(185,'55','15'),(186,'55','16'),(187,'57','13'),(188,'57','14'),(189,'57','11'),(190,'58','12'),(191,'58','13'),(192,'58','16'),(193,'59','12'),(194,'59','13'),(195,'59','11'),(196,'60','12'),(197,'60','13'),(198,'60','14'),(199,'61','12'),(200,'61','13'),(201,'61','16'),(202,'62','12'),(203,'62','13'),(204,'62','16'),(205,'64','12'),(206,'64','13'),(207,'64','16'),(208,'64','14'),(209,'63','12'),(210,'63','13'),(211,'63','16'),(212,'66','12'),(213,'66','13'),(214,'66','11'),(215,'67','12'),(216,'67','13'),(217,'67','16'),(218,'68','12'),(219,'68','16'),(220,'68','15'),(221,'69','12'),(222,'69','16'),(223,'69','11'),(224,'70','12'),(225,'70','13'),(226,'70','14'),(227,'72','12'),(228,'72','13'),(229,'72','16'),(230,'73','11'),(231,'73','15'),(232,'73','16'),(233,'74','14'),(234,'74','11'),(235,'74','15'),(236,'75','12'),(237,'75','13'),(238,'75','16'),(239,'76','12'),(240,'76','13'),(241,'76','11'),(242,'77','12'),(243,'77','16'),(244,'77','11'),(245,'78','12'),(246,'78','14'),(247,'78','11'),(248,'80','11'),(249,'80','12'),(250,'80','13'),(251,'80','14'),(252,'80','15'),(253,'80','16'),(254,'79','11'),(255,'79','12'),(256,'79','13'),(257,'81','12'),(258,'81','16'),(259,'81','11'),(260,'84','11'),(261,'84','12'),(262,'84','13'),(263,'84','14'),(264,'84','15'),(265,'84','16'),(266,'82','11'),(267,'82','13'),(268,'82','12'),(269,'82','14'),(270,'82','15'),(271,'82','16'),(272,'85','11'),(273,'85','14'),(274,'85','15'),(275,'86','11'),(276,'86','15'),(277,'86','16'),(278,'87','11'),(279,'87','12'),(280,'87','13'),(281,'87','14'),(282,'87','15'),(283,'87','16'),(284,'88','11'),(285,'88','12'),(286,'88','13'),(287,'89','12'),(288,'89','13'),(289,'89','14'),(290,'90','11'),(291,'90','12'),(292,'90','13'),(293,'90','14'),(294,'90','15'),(295,'90','16'),(296,'91','12'),(297,'91','13'),(298,'91','16'),(299,'92','12'),(300,'92','13'),(301,'92','14'),(302,'93','12'),(303,'93','16'),(304,'93','11'),(305,'94','12'),(306,'94','13'),(307,'94','16'),(308,'95','12'),(309,'95','14'),(310,'95','15'),(311,'96','12'),(312,'96','13'),(313,'96','16'),(314,'97','12'),(315,'97','16'),(316,'97','15'),(317,'98','12'),(318,'98','13'),(319,'98','16'),(320,'99','11'),(321,'99','12'),(322,'99','13'),(323,'99','14'),(324,'99','15'),(325,'99','16'),(326,'100','11'),(327,'100','15'),(328,'100','16'),(329,'101','12'),(330,'101','13'),(331,'101','14'),(332,'103','12'),(333,'103','13'),(334,'103','16'),(335,'106','11'),(336,'106','12'),(337,'106','13'),(338,'106','14'),(339,'106','15'),(340,'106','16'),(341,'105','11'),(342,'105','12'),(343,'105','13'),(344,'105','14'),(345,'105','15'),(346,'105','16'),(347,'104','11'),(348,'104','12'),(349,'104','13'),(350,'104','14'),(351,'104','15'),(352,'104','16'),(353,'107','11'),(354,'107','12'),(355,'107','13'),(356,'107','14'),(357,'107','15'),(358,'107','16'),(359,'108','11'),(360,'108','12'),(361,'108','13'),(362,'108','14'),(363,'108','15'),(364,'108','16'),(365,'109','11'),(366,'109','12'),(367,'109','13'),(368,'109','14'),(369,'109','15'),(370,'109','16'),(371,'110','11'),(372,'110','12'),(373,'110','13'),(374,'110','14'),(375,'110','15'),(376,'110','16'),(377,'111','11'),(378,'111','12'),(379,'111','13'),(380,'111','14'),(381,'111','15'),(382,'111','16'),(383,'112','11'),(384,'112','12'),(385,'112','13'),(386,'112','14'),(387,'112','15'),(388,'112','16'),(389,'114','12'),(390,'114','13'),(391,'114','16'),(392,'115','12'),(393,'115','16'),(394,'115','11'),(395,'116','12'),(396,'116','13'),(397,'116','16'),(398,'118','13'),(399,'118','16'),(400,'118','14'),(401,'119','11'),(402,'119','12'),(403,'119','13'),(404,'119','14'),(405,'119','15'),(406,'119','16'),(407,'120','12'),(408,'120','16'),(409,'120','14'),(410,'122','12'),(411,'122','13'),(412,'122','14'),(413,'122','15'),(414,'122','11'),(415,'123','11'),(416,'123','12'),(417,'123','13'),(418,'123','14'),(419,'123','15'),(420,'123','16'),(421,'124','12'),(422,'124','16'),(423,'124','11'),(424,'125','12'),(425,'125','16'),(426,'125','15'),(427,'126','13'),(428,'126','14'),(429,'126','15'),(430,'126','12'),(431,'126','16'),(432,'127','12'),(433,'127','13'),(434,'127','16'),(435,'127','11'),(436,'127','15'),(437,'128','11'),(438,'128','12'),(439,'128','13'),(440,'129','11'),(441,'129','12'),(442,'129','13'),(443,'129','14'),(444,'129','15'),(445,'129','16'),(446,'130','13'),(447,'130','14'),(448,'130','15'),(449,'131','14'),(450,'131','15'),(451,'131','11'),(452,'132','16'),(453,'132','11'),(454,'132','15'),(455,'133','16'),(456,'133','11'),(457,'133','15'),(458,'134','16'),(459,'134','12'),(460,'134','14'),(461,'136','12'),(462,'136','16'),(463,'137','14'),(464,'137','11'),(465,'137','15'),(466,'138','12'),(467,'138','16'),(468,'138','11'),(469,'139','11'),(470,'139','12'),(471,'139','13'),(472,'139','14'),(473,'139','15'),(474,'139','16'),(475,'140','12'),(476,'140','16'),(477,'140','15'),(478,'143','11'),(479,'143','12'),(480,'143','13'),(481,'143','14'),(482,'143','15'),(483,'143','16'),(484,'144','12'),(485,'144','16'),(486,'144','14'),(487,'153','13'),(488,'153','12'),(489,'153','16'),(490,'152','12'),(491,'152','13'),(492,'152','16'),(493,'152','11'),(494,'151','12'),(495,'151','16'),(496,'151','14'),(497,'150','14'),(498,'150','11'),(499,'150','13'),(500,'154','12'),(501,'154','14'),(502,'154','15'),(503,'157','11'),(504,'157','12'),(505,'157','13'),(506,'157','14'),(507,'157','15'),(508,'157','16'),(509,'156','11'),(510,'156','12'),(511,'156','13'),(512,'156','14'),(513,'156','15'),(514,'156','16'),(515,'155','11'),(516,'155','12'),(517,'155','13'),(518,'155','14'),(519,'155','15'),(520,'155','16'),(521,'158','11'),(522,'158','12'),(523,'158','13'),(524,'158','14'),(525,'158','15'),(526,'158','16'),(527,'159','12'),(528,'159','13'),(529,'159','11'),(533,'160','11'),(534,'160','12'),(535,'160','13'),(536,'160','14'),(537,'160','15'),(538,'160','16'),(539,'161','12'),(540,'161','16'),(541,'161','11'),(542,'162','12'),(545,'163','12'),(546,'163','13'),(547,'163','14'),(548,'163','11'),(549,'163','15'),(550,'164','12'),(551,'164','14'),(552,'164','15'),(553,'164','11'),(554,'164','13'),(555,'166','11'),(556,'166','12'),(557,'166','13'),(561,'166','14'),(562,'166','15'),(563,'166','16'),(564,'167','11'),(565,'167','12'),(566,'167','13'),(567,'167','14'),(568,'167','15'),(569,'167','16'),(570,'168','12'),(571,'168','13'),(572,'168','16'),(573,'168','11'),(574,'168','15'),(575,'168','14'),(576,'170','11'),(578,'170','12'),(579,'170','13'),(580,'170','14'),(581,'170','15'),(582,'170','16'),(583,'171','11'),(584,'171','12'),(585,'171','13'),(586,'171','14'),(587,'171','15'),(588,'171','16'),(589,'172','12'),(590,'172','16'),(591,'172','11'),(592,'172','15'),(593,'172','13'),(594,'172','14'),(595,'173','12'),(596,'173','13'),(597,'173','16'),(598,'173','14'),(599,'173','11'),(600,'173','15'),(601,'174','11'),(602,'174','12'),(603,'174','13'),(604,'174','14'),(605,'174','15'),(606,'174','16'),(607,'175','12'),(608,'175','16'),(609,'175','11'),(610,'176','11'),(611,'176','12'),(612,'176','13'),(613,'176','14'),(614,'176','15'),(615,'176','16'),(616,'177','11'),(617,'177','12'),(618,'177','13'),(619,'177','14'),(620,'177','15'),(621,'177','16'),(622,'178','11'),(623,'178','12'),(624,'178','13'),(625,'178','14'),(626,'178','15'),(627,'178','16'),(628,'179','12'),(629,'179','14'),(630,'179','15'),(631,'179','11'),(632,'181','12'),(633,'181','16'),(634,'181','11');
/*!40000 ALTER TABLE `competition_criterias` ENABLE KEYS */;
UNLOCK TABLES;

--
-- Table structure for table `criterias`
--

DROP TABLE IF EXISTS `criterias`;
/*!40101 SET @saved_cs_client     = @@character_set_client */;
/*!40101 SET character_set_client = utf8 */;
CREATE TABLE `criterias` (
  `id` int(10) unsigned NOT NULL AUTO_INCREMENT,
  `title` varchar(255) COLLATE utf8mb4_unicode_ci NOT NULL,
  PRIMARY KEY (`id`),
  UNIQUE KEY `criterias_title_unique` (`title`)
) ENGINE=InnoDB AUTO_INCREMENT=17 DEFAULT CHARSET=utf8mb4 COLLATE=utf8mb4_unicode_ci;
/*!40101 SET character_set_client = @saved_cs_client */;

--
-- Dumping data for table `criterias`
--

LOCK TABLES `criterias` WRITE;
/*!40000 ALTER TABLE `criterias` DISABLE KEYS */;
INSERT INTO `criterias` VALUES (12,'Footwork'),(13,'Freezes'),(16,'Other (bonus)'),(14,'Power Moves'),(11,'Top Rock'),(15,'Transitions');
/*!40000 ALTER TABLE `criterias` ENABLE KEYS */;
UNLOCK TABLES;

--
-- Table structure for table `judges`
--

DROP TABLE IF EXISTS `judges`;
/*!40101 SET @saved_cs_client     = @@character_set_client */;
/*!40101 SET character_set_client = utf8 */;
CREATE TABLE `judges` (
  `id` int(10) unsigned NOT NULL AUTO_INCREMENT,
  `name` varchar(255) COLLATE utf8mb4_unicode_ci DEFAULT '',
  `username` varchar(255) COLLATE utf8mb4_unicode_ci DEFAULT NULL,
  `password` varchar(255) COLLATE utf8mb4_unicode_ci NOT NULL,
  `phone` varchar(255) COLLATE utf8mb4_unicode_ci DEFAULT NULL,
  `email` varchar(255) COLLATE utf8mb4_unicode_ci NOT NULL,
  `remember_token` varchar(100) COLLATE utf8mb4_unicode_ci DEFAULT NULL,
  `created_at` timestamp NULL DEFAULT NULL,
  `updated_at` timestamp NULL DEFAULT NULL,
  PRIMARY KEY (`id`),
  UNIQUE KEY `judges_email_unique` (`email`)
) ENGINE=InnoDB AUTO_INCREMENT=35 DEFAULT CHARSET=utf8mb4 COLLATE=utf8mb4_unicode_ci;
/*!40101 SET character_set_client = @saved_cs_client */;

--
-- Dumping data for table `judges`
--

LOCK TABLES `judges` WRITE;
/*!40000 ALTER TABLE `judges` DISABLE KEYS */;
INSERT INTO `judges` VALUES (19,'Admin','competitivebreakin@gmail.com','$2y$10$1.GhvqlVuqvA3YtsmNlSAOmcvBgjgo/fy6jlmBPaDUcsRNRzpsUYK',NULL,'competitivebreakin@gmail.com','93tYxQOuy65bcGCCyuTDDxJdRrpcO5ar1TFfmA69k03am5Y4594eVJVuHUhq',NULL,NULL),(21,'Muhammad Awais','thegr8awais@gmail.com','$2y$10$DtDTxxnSsvDb1..7PYBIlODsqvWw3lFgGg1dWrK8Ll9Yp6g7Mteuy',NULL,'thegr8awais@gmail.com',NULL,NULL,NULL),(31,'lego','lego','$2y$10$uBXzPCj/qMvhS1OiXd/00.zR67o.jTfYNupMLtkyZj1iXyMFCBzyW',NULL,'lego@lego.com',NULL,NULL,NULL),(32,'supa','supa','$2y$10$2EWxd0rZecjjYO2WyEv20.NVmBmX0lVwAu2vJS3XE0kgv6Gf9vCDi',NULL,'supa@supa.com',NULL,NULL,NULL),(33,'dee','dee','$2y$10$HjUgv.wb.7F0.QfN2XiAeu1kjC.gCQqi8ijUTFC.BAKGRlr/FADLe',NULL,'dee@dee.com',NULL,NULL,NULL),(34,'tester','tester','$2y$10$pNtJltEhfgpFKkpyNkjlSeZc4pPJJ3smS97D89digUeTPjlwXDqem',NULL,'tester@b-scored.com',NULL,NULL,NULL);
/*!40000 ALTER TABLE `judges` ENABLE KEYS */;
UNLOCK TABLES;

--
-- Table structure for table `matches`
--

DROP TABLE IF EXISTS `matches`;
/*!40101 SET @saved_cs_client     = @@character_set_client */;
/*!40101 SET character_set_client = utf8 */;
CREATE TABLE `matches` (
  `id` int(10) unsigned NOT NULL AUTO_INCREMENT,
  `competitionId` varchar(255) COLLATE utf8mb4_unicode_ci NOT NULL,
  `isFinished` varchar(255) COLLATE utf8mb4_unicode_ci NOT NULL DEFAULT '0',
  `start_time` varchar(255) COLLATE utf8mb4_unicode_ci DEFAULT '',
  `created_at` timestamp NULL DEFAULT NULL,
  `updated_at` timestamp NULL DEFAULT NULL,
  `firstTeam` varchar(255) COLLATE utf8mb4_unicode_ci DEFAULT NULL,
  `secondTeam` varchar(255) COLLATE utf8mb4_unicode_ci DEFAULT NULL,
  `roundNo` int(11) DEFAULT '1',
  `matchSort` int(11) DEFAULT NULL,
  PRIMARY KEY (`id`)
) ENGINE=InnoDB AUTO_INCREMENT=4440 DEFAULT CHARSET=utf8mb4 COLLATE=utf8mb4_unicode_ci;
/*!40101 SET character_set_client = @saved_cs_client */;

--
-- Dumping data for table `matches`
--

LOCK TABLES `matches` WRITE;
/*!40000 ALTER TABLE `matches` DISABLE KEYS */;
INSERT INTO `matches` VALUES (3525,'122','0','',NULL,NULL,'326','332',1,NULL),(3529,'123','1','',NULL,'2018-03-12 21:04:17','329','309',1,NULL),(3531,'123','1','',NULL,'2018-03-12 21:05:26','326','332',1,NULL),(3535,'123','0','',NULL,'2018-03-12 21:08:32','308','331',1,NULL),(3570,'125','0','',NULL,NULL,'333','313',1,NULL),(3577,'126','0','',NULL,NULL,'327','333',1,NULL),(3579,'126','0','',NULL,NULL,'313','309',1,NULL),(3580,'126','0','',NULL,NULL,'330','328',1,NULL),(3590,'126','0','',NULL,NULL,'326','331',1,NULL),(3594,'127','0','',NULL,NULL,'337','311',1,NULL),(3596,'127','0','',NULL,'2018-03-13 12:44:34','328','309',1,NULL),(3604,'127','0','',NULL,NULL,'331','312',1,NULL),(3608,'127','0','',NULL,NULL,'333','330',1,NULL),(3612,'127','0','',NULL,NULL,'327','329',1,NULL),(3620,'128','0','',NULL,NULL,'329','309',1,NULL),(3621,'128','0','',NULL,NULL,'334','313',1,NULL),(3624,'128','0','',NULL,NULL,'308','330',1,NULL),(3625,'128','0','',NULL,NULL,'336','338',1,NULL),(3630,'128','0','',NULL,NULL,'333','312',1,NULL),(3632,'127','0','',NULL,NULL,'328','330',2,1),(3635,'127','1','',NULL,'2018-03-14 17:18:36','309','308',2,4),(3637,'127','0','',NULL,NULL,'313','337',2,6),(3695,'132','0','',NULL,NULL,'335','333',1,NULL),(3696,'132','0','',NULL,NULL,'332','326',1,NULL),(3707,'132','0','',NULL,NULL,'336','331',1,NULL),(3709,'132','0','',NULL,NULL,'309','308',1,NULL),(3714,'133','0','',NULL,NULL,'335','336',1,NULL),(3715,'133','0','',NULL,NULL,'330','328',1,NULL),(3719,'133','0','',NULL,NULL,'308','331',1,NULL),(3723,'133','0','',NULL,NULL,'329','326',1,NULL),(3724,'133','0','',NULL,NULL,'332','333',1,NULL),(3730,'133','0','',NULL,NULL,'337','313',1,NULL),(4184,'160','1','',NULL,'2018-03-17 16:47:17','313','311',1,NULL),(4185,'160','0','',NULL,NULL,'340','309',1,NULL),(4186,'160','1','',NULL,'2018-03-17 15:36:47','308','329',1,NULL),(4187,'160','1','',NULL,'2018-03-17 15:37:48','332','337',1,NULL),(4188,'160','1','',NULL,'2018-03-17 16:20:01','334','333',1,NULL),(4189,'160','1','',NULL,'2018-03-17 15:38:24','331','342',1,NULL),(4190,'160','1','',NULL,'2018-03-17 16:20:54','341','335',1,NULL),(4191,'160','1','',NULL,'2018-03-17 15:39:22','327','312',1,NULL),(4192,'160','0','',NULL,NULL,'338','339',1,NULL),(4193,'160','1','',NULL,'2018-03-17 15:39:59','328','326',1,NULL),(4194,'160','1','',NULL,'2018-03-17 16:18:41','330','336',1,NULL),(4195,'161','0','',NULL,NULL,'353','310',1,NULL),(4196,'161','0','',NULL,NULL,'347','346',1,NULL),(4197,'161','0','',NULL,NULL,'349','344',1,NULL),(4198,'155','1','',NULL,'2018-03-17 17:33:01','359','350',1,NULL),(4199,'155','1','',NULL,'2018-03-17 17:39:35','342','360',1,NULL),(4200,'155','1','',NULL,'2018-03-17 17:46:19','338','341',1,NULL),(4201,'155','1','',NULL,'2018-03-17 17:51:30','358','351',1,NULL),(4202,'155','1','',NULL,'2018-03-17 17:55:17','340','339',1,NULL),(4203,'155','0','',NULL,NULL,'312','311',1,NULL),(4204,'155','0','',NULL,NULL,'313','326',1,NULL),(4205,'155','0','',NULL,NULL,'330','329',1,NULL),(4206,'155','1','',NULL,'2018-03-17 18:59:15','341','360',2,1),(4207,'155','1','',NULL,'2018-03-17 19:04:06','359','350',2,2),(4208,'155','1','',NULL,'2018-03-17 19:07:51','358','351',2,3),(4209,'155','1','',NULL,'2018-03-17 19:11:49','340','342',2,4),(4210,'155','1','',NULL,'2018-03-17 20:03:20','341','350',3,1),(4211,'155','1','',NULL,'2018-03-17 20:08:07','358','340',3,2),(4212,'156','1','',NULL,'2018-03-17 19:25:52','352','345',1,NULL),(4213,'156','1','',NULL,'2018-03-17 19:28:54','348','343',1,NULL),(4214,'156','1','',NULL,'2018-03-17 20:21:00','345','352',2,1),(4215,'157','1','',NULL,'2018-03-17 19:41:57','353','310',1,NULL),(4216,'157','1','',NULL,'2018-03-17 19:43:48','347','349',1,NULL),(4217,'157','1','',NULL,'2018-03-17 19:47:09','346','361',1,NULL),(4218,'157','1','',NULL,'2018-03-17 19:50:25','344','362',1,NULL),(4219,'157','1','',NULL,'2018-03-17 19:54:55','362','349',2,1),(4220,'157','1','',NULL,'2018-03-17 19:57:54','353','344',2,2),(4221,'155','1','',NULL,'2018-03-17 20:29:03','341','358',4,1),(4222,'157','1','',NULL,'2018-03-17 20:16:06','362','353',3,1),(4223,'162','0','',NULL,NULL,'335','308',1,NULL),(4224,'162','0','',NULL,NULL,'330','313',1,NULL),(4225,'162','0','',NULL,NULL,'341','333',1,NULL),(4226,'162','0','',NULL,NULL,'334','312',1,NULL),(4227,'162','0','',NULL,NULL,'351','337',1,NULL),(4228,'162','0','',NULL,NULL,'339','336',1,NULL),(4229,'162','0','',NULL,NULL,'328','326',1,NULL),(4230,'162','0','',NULL,NULL,'358','338',1,NULL),(4231,'162','0','',NULL,NULL,'350','342',1,NULL),(4232,'162','0','',NULL,NULL,'360','359',1,NULL),(4233,'162','0','',NULL,NULL,'340','309',1,NULL),(4234,'162','0','',NULL,NULL,'329','327',1,NULL),(4235,'162','0','',NULL,NULL,'331','332',1,NULL),(4236,'163','1','',NULL,'2018-03-19 08:01:17','329','312',1,NULL),(4237,'163','1','',NULL,'2018-03-19 08:01:40','363','339',1,NULL),(4238,'163','1','',NULL,'2018-03-19 08:02:03','342','336',1,NULL),(4239,'163','1','',NULL,'2018-03-19 08:02:57','309','358',1,NULL),(4240,'163','1','',NULL,'2018-03-19 08:03:21','327','335',1,NULL),(4241,'163','1','',NULL,'2018-03-19 08:03:51','360','330',1,NULL),(4242,'163','1','',NULL,'2018-03-19 08:04:42','340','326',1,NULL),(4243,'163','1','',NULL,'2018-03-19 08:05:17','341','367',1,NULL),(4244,'163','1','',NULL,'2018-03-19 08:06:07','328','333',1,NULL),(4245,'163','1','',NULL,'2018-03-19 08:07:02','365','364',1,NULL),(4246,'163','1','',NULL,'2018-03-19 08:07:27','332','359',1,NULL),(4247,'163','1','',NULL,'2018-03-19 08:10:05','366','338',1,NULL),(4248,'163','1','',NULL,'2018-03-19 08:10:39','313','331',1,NULL),(4249,'163','1','',NULL,'2018-03-19 08:09:10','368','350',1,NULL),(4250,'163','1','',NULL,'2018-03-19 08:08:36','337','308',1,NULL),(4251,'163','1','',NULL,'2018-03-19 08:08:01','334','351',1,NULL),(4252,'163','0','',NULL,NULL,'328','337',2,1),(4253,'163','0','',NULL,NULL,'338','308',2,2),(4254,'163','0','',NULL,NULL,'364','313',2,3),(4255,'163','0','',NULL,NULL,'332','368',2,4),(4256,'163','0','',NULL,NULL,'333','365',2,5),(4257,'163','0','',NULL,NULL,'367','334',2,6),(4258,'163','0','',NULL,NULL,'331','350',2,7),(4259,'163','0','',NULL,NULL,'326','366',2,8),(4260,'164','1','',NULL,'2018-03-19 09:43:37','332','330',1,NULL),(4261,'164','1','',NULL,'2018-03-19 09:44:03','351','309',1,NULL),(4262,'164','1','',NULL,'2018-03-19 09:44:45','333','338',1,NULL),(4263,'164','1','',NULL,'2018-03-19 09:48:50','350','337',1,NULL),(4264,'164','1','',NULL,'2018-03-19 09:50:22','335','334',1,NULL),(4265,'164','1','',NULL,'2018-03-19 09:49:10','336','358',1,NULL),(4266,'164','1','',NULL,'2018-03-19 09:45:28','313','327',1,NULL),(4267,'164','1','',NULL,'2018-03-19 09:48:00','329','326',1,NULL),(4268,'164','1','',NULL,'2018-03-19 09:47:38','328','312',1,NULL),(4269,'164','1','',NULL,'2018-03-19 09:47:14','331','308',1,NULL),(4270,'163','0','',NULL,NULL,'328','337',2,1),(4271,'163','0','',NULL,NULL,'338','308',2,2),(4272,'163','0','',NULL,NULL,'364','313',2,3),(4273,'163','0','',NULL,NULL,'332','368',2,4),(4274,'163','0','',NULL,NULL,'333','365',2,5),(4275,'163','0','',NULL,NULL,'367','334',2,6),(4276,'163','0','',NULL,NULL,'331','350',2,7),(4277,'163','0','',NULL,NULL,'326','366',2,8),(4278,'164','1','',NULL,'2018-03-19 10:02:06','313','333',2,1),(4279,'164','0','',NULL,NULL,'338','335',2,2),(4280,'164','0','',NULL,NULL,'331','329',2,3),(4281,'164','0','',NULL,NULL,'332','358',2,4),(4282,'164','0','',NULL,NULL,'327','330',2,5),(4283,'164','0','',NULL,NULL,'308','334',2,6),(4284,'164','0','',NULL,NULL,'309','328',2,7),(4285,'164','0','',NULL,'2018-03-19 09:51:59','350','336',2,8),(4286,'164','0','',NULL,NULL,'313','335',3,1),(4287,'164','0','',NULL,NULL,'329','358',3,2),(4288,'164','0','',NULL,NULL,'327','308',3,3),(4289,'164','0','',NULL,NULL,'309','350',3,4),(4290,'164','0','',NULL,NULL,'313','358',4,1),(4291,'164','0','',NULL,NULL,'308','350',4,2),(4292,'164','0','',NULL,NULL,'358','350',5,1),(4293,'166','0','',NULL,NULL,'369','370',1,NULL),(4294,'166','1','',NULL,'2018-03-19 20:45:13','369','370',2,1),(4295,'167','0','',NULL,NULL,'369','370',1,NULL),(4296,'167','1','',NULL,'2018-03-22 20:44:37','369','370',2,1),(4297,'168','0','',NULL,NULL,'341','309',1,NULL),(4298,'168','0','',NULL,NULL,'331','334',1,NULL),(4299,'168','0','',NULL,NULL,'335','313',1,NULL),(4300,'168','0','',NULL,NULL,'308','340',1,NULL),(4301,'168','0','',NULL,NULL,'330','332',1,NULL),(4302,'168','0','',NULL,NULL,'333','339',1,NULL),(4303,'168','0','',NULL,NULL,'336','328',1,NULL),(4304,'168','0','',NULL,NULL,'337','327',1,NULL),(4305,'168','0','',NULL,NULL,'338','312',1,NULL),(4306,'168','0','',NULL,NULL,'329','326',1,NULL),(4307,'169','0','',NULL,NULL,'356','310',1,NULL),(4308,'169','0','',NULL,NULL,'347','370',1,NULL),(4309,'169','0','',NULL,NULL,'343','346',1,NULL),(4310,'169','0','',NULL,NULL,'352','369',1,NULL),(4311,'169','0','',NULL,NULL,'362','344',1,NULL),(4312,'169','0','',NULL,NULL,'348','349',1,NULL),(4313,'169','0','',NULL,NULL,'345','353',1,NULL),(4314,'169','0','',NULL,NULL,'357','361',1,NULL),(4315,'170','0','',NULL,NULL,'372','371',1,NULL),(4316,'170','1','',NULL,'2018-03-28 18:29:28','372','371',2,1),(4317,'171','0','',NULL,NULL,'330','311',1,NULL),(4318,'171','0','',NULL,NULL,'329','328',1,NULL),(4319,'171','0','',NULL,NULL,'332','326',1,NULL),(4320,'171','0','',NULL,NULL,'331','327',1,NULL),(4321,'171','1','',NULL,'2018-03-28 18:25:50','330','327',2,1),(4322,'171','1','',NULL,'2018-03-28 18:37:21','311','331',2,2),(4323,'171','1','',NULL,'2018-03-28 18:33:37','329','326',2,3),(4324,'171','1','',NULL,'2018-03-28 18:29:27','328','332',2,4),(4325,'171','1','',NULL,'2018-03-28 18:45:47','330','311',3,1),(4326,'171','1','',NULL,'2018-03-28 18:42:06','329','332',3,2),(4327,'171','1','',NULL,'2018-03-28 19:10:33','330','329',4,1),(4328,'172','0','',NULL,NULL,'372','310',1,NULL),(4329,'172','0','',NULL,NULL,'345','349',1,NULL),(4330,'172','0','',NULL,NULL,'356','353',1,NULL),(4331,'172','0','',NULL,NULL,'371','343',1,NULL),(4332,'172','0','',NULL,NULL,'361','357',1,NULL),(4333,'172','0','',NULL,NULL,'346','344',1,NULL),(4334,'172','0','',NULL,NULL,'348','352',1,NULL),(4335,'172','0','',NULL,NULL,'370','347',1,NULL),(4336,'172','0','',NULL,NULL,'362','369',1,NULL),(4337,'173','0','',NULL,NULL,'338','311',1,NULL),(4338,'173','0','',NULL,NULL,'313','350',1,NULL),(4339,'173','0','',NULL,NULL,'328','335',1,NULL),(4340,'173','0','',NULL,NULL,'331','330',1,NULL),(4341,'173','0','',NULL,NULL,'327','358',1,NULL),(4342,'173','0','',NULL,NULL,'359','312',1,NULL),(4343,'173','0','',NULL,NULL,'326','332',1,NULL),(4344,'173','0','',NULL,NULL,'309','334',1,NULL),(4345,'173','0','',NULL,NULL,'342','333',1,NULL),(4346,'173','0','',NULL,NULL,'337','341',1,NULL),(4347,'173','0','',NULL,NULL,'360','365',1,NULL),(4348,'173','0','',NULL,NULL,'373','364',1,NULL),(4349,'173','0','',NULL,NULL,'363','367',1,NULL),(4350,'173','0','',NULL,NULL,'329','336',1,NULL),(4351,'173','0','',NULL,NULL,'366','368',1,NULL),(4352,'173','0','',NULL,NULL,'340','339',1,NULL),(4353,'173','0','',NULL,NULL,'351','308',1,NULL),(4354,'174','0','',NULL,NULL,'372','371',1,NULL),(4355,'174','1','',NULL,'2018-04-01 22:37:26','372','371',2,1),(4356,'175','0','',NULL,NULL,'327','311',1,NULL),(4357,'175','0','',NULL,NULL,'373','359',1,NULL),(4359,'175','0','',NULL,NULL,'351','360',1,NULL),(4360,'175','0','',NULL,NULL,'368','313',1,NULL),(4361,'175','0','',NULL,NULL,'341','329',1,NULL),(4362,'175','0','',NULL,NULL,'363','339',1,NULL),(4363,'175','0','',NULL,NULL,'333','331',1,NULL),(4364,'175','0','',NULL,NULL,'309','336',1,NULL),(4365,'175','0','',NULL,NULL,'365','335',1,NULL),(4366,'175','0','',NULL,NULL,'367','330',1,NULL),(4367,'175','0','',NULL,NULL,'308','332',1,NULL),(4368,'175','0','',NULL,NULL,'340','342',1,NULL),(4369,'175','0','',NULL,NULL,'326','312',1,NULL),(4370,'175','0','',NULL,NULL,'366','364',1,NULL),(4371,'175','0','',NULL,NULL,'350','358',1,NULL),(4373,'175','0','',NULL,NULL,'338','337',1,NULL),(4374,'176','0','',NULL,NULL,'350','358',1,NULL),(4375,'176','0','',NULL,NULL,'351','339',1,NULL),(4376,'176','1','',NULL,'2018-04-04 01:47:56','341','359',1,NULL),(4377,'176','0','',NULL,'2018-04-04 01:57:42','373','340',1,NULL),(4378,'176','0','',NULL,NULL,'360','342',1,NULL),(4379,'177','0','',NULL,NULL,'344','310',1,NULL),(4380,'177','1','',NULL,'2018-04-04 01:57:54','362','361',1,NULL),(4381,'177','0','',NULL,NULL,'369','352',1,NULL),(4382,'177','0','',NULL,NULL,'353','343',1,NULL),(4383,'177','0','',NULL,NULL,'347','349',1,NULL),(4384,'177','0','',NULL,NULL,'370','345',1,NULL),(4385,'177','0','',NULL,NULL,'346','348',1,NULL),(4386,'177','0','',NULL,NULL,'361','346',2,1),(4387,'177','0','',NULL,NULL,'353','369',2,2),(4388,'177','0','',NULL,NULL,'362','370',2,3),(4389,'177','0','',NULL,NULL,'347','344',2,4),(4390,'177','0','',NULL,NULL,'361','353',3,1),(4391,'177','0','',NULL,NULL,'362','344',3,2),(4392,'177','0','',NULL,NULL,'353','362',4,1),(4393,'176','1','',NULL,'2018-04-08 22:26:51','359','358',2,1),(4394,'176','1','',NULL,'2018-04-08 22:25:45','351','350',2,2),(4395,'176','0','',NULL,NULL,'341','360',2,3),(4396,'176','0','',NULL,NULL,'373','340',2,4),(4397,'178','1','',NULL,'2018-04-08 22:14:44','343','310',1,NULL),(4398,'178','1','',NULL,'2018-04-08 22:15:11','372','357',1,NULL),(4399,'178','0','',NULL,NULL,'371','352',1,NULL),(4400,'178','1','',NULL,'2018-04-08 22:15:57','353','348',1,NULL),(4401,'178','1','',NULL,'2018-04-08 22:16:22','370','361',1,NULL),(4402,'178','1','',NULL,'2018-04-08 22:16:56','349','345',1,NULL),(4403,'178','1','',NULL,'2018-04-08 22:18:14','356','346',1,NULL),(4404,'178','1','',NULL,'2018-04-08 22:18:59','369','362',1,NULL),(4405,'178','1','',NULL,'2018-04-08 22:19:32','344','347',1,NULL),(4406,'178','1','',NULL,'2018-04-08 22:22:09','347','343',2,1),(4407,'178','1','',NULL,'2018-04-08 22:24:50','346','353',2,2),(4408,'178','0','',NULL,NULL,'361','349',2,3),(4409,'178','0','',NULL,NULL,'357','369',2,4),(4410,'178','0','',NULL,NULL,'344','310',2,5),(4411,'178','0','',NULL,NULL,'356','348',2,6),(4412,'178','0','',NULL,NULL,'370','345',2,7),(4413,'178','0','',NULL,NULL,'372','362',2,8),(4414,'179','0','',NULL,NULL,'360','342',1,NULL),(4415,'179','0','',NULL,NULL,'358','373',1,NULL),(4416,'179','0','',NULL,NULL,'341','340',1,NULL),(4417,'179','0','',NULL,NULL,'350','359',1,NULL),(4418,'179','0','',NULL,NULL,'339','351',1,NULL),(4419,'179','0','',NULL,NULL,'360','340',2,1),(4420,'179','0','',NULL,NULL,'339','350',2,2),(4421,'179','0','',NULL,NULL,'358','373',2,3),(4422,'179','0','',NULL,NULL,'342','341',2,4),(4423,'181','0','',NULL,NULL,'331','311',1,NULL),(4424,'181','0','',NULL,NULL,'309','334',1,NULL),(4425,'181','0','',NULL,NULL,'341','335',1,NULL),(4426,'181','0','',NULL,NULL,'373','342',1,NULL),(4427,'181','0','',NULL,NULL,'340','351',1,NULL),(4428,'181','0','',NULL,NULL,'312','330',1,NULL),(4429,'181','0','',NULL,NULL,'313','359',1,NULL),(4430,'181','0','',NULL,NULL,'328','336',1,NULL),(4431,'181','0','',NULL,NULL,'363','364',1,NULL),(4432,'181','0','',NULL,NULL,'339','367',1,NULL),(4433,'181','0','',NULL,NULL,'338','327',1,NULL),(4434,'181','0','',NULL,NULL,'365','366',1,NULL),(4435,'181','0','',NULL,NULL,'350','360',1,NULL),(4436,'181','0','',NULL,NULL,'333','337',1,NULL),(4437,'181','0','',NULL,NULL,'329','332',1,NULL),(4438,'181','0','',NULL,NULL,'358','308',1,NULL),(4439,'181','0','',NULL,NULL,'326','368',1,NULL);
/*!40000 ALTER TABLE `matches` ENABLE KEYS */;
UNLOCK TABLES;

--
-- Table structure for table `migrations`
--

DROP TABLE IF EXISTS `migrations`;
/*!40101 SET @saved_cs_client     = @@character_set_client */;
/*!40101 SET character_set_client = utf8 */;
CREATE TABLE `migrations` (
  `id` int(10) unsigned NOT NULL AUTO_INCREMENT,
  `migration` varchar(255) COLLATE utf8mb4_unicode_ci NOT NULL,
  `batch` int(11) NOT NULL,
  PRIMARY KEY (`id`)
) ENGINE=InnoDB AUTO_INCREMENT=15 DEFAULT CHARSET=utf8mb4 COLLATE=utf8mb4_unicode_ci;
/*!40101 SET character_set_client = @saved_cs_client */;

--
-- Dumping data for table `migrations`
--

LOCK TABLES `migrations` WRITE;
/*!40000 ALTER TABLE `migrations` DISABLE KEYS */;
INSERT INTO `migrations` VALUES (1,'2014_10_12_000000_create_users_table',1),(2,'2014_10_12_100000_create_password_resets_table',1),(3,'2017_03_16_073823_create_teams_table',1),(4,'2017_03_16_092157_create_judges_table',1),(5,'2017_03_16_093442_create_competition_venues_table',1),(6,'2017_03_16_111821_create_sponsors_table',1),(7,'2017_03_20_122145_create_teamsmembers_table',1),(8,'2017_03_23_111358_create_matches_table',1),(9,'2017_03_28_101741_create_criterias_table',1),(10,'2017_03_28_114918_create_competition_criterias_table',1),(11,'2017_04_03_130316_create_scores_table',1),(12,'2017_04_14_192855_create_participant_table',1),(13,'2017_04_18_113239_create_sessions_table',1),(14,'2017_04_25_125433_create_notifications_table',1);
/*!40000 ALTER TABLE `migrations` ENABLE KEYS */;
UNLOCK TABLES;

--
-- Table structure for table `notifications`
--

DROP TABLE IF EXISTS `notifications`;
/*!40101 SET @saved_cs_client     = @@character_set_client */;
/*!40101 SET character_set_client = utf8 */;
CREATE TABLE `notifications` (
  `id` int(10) unsigned NOT NULL AUTO_INCREMENT,
  `competitionId` varchar(255) COLLATE utf8mb4_unicode_ci NOT NULL,
  `matchId` varchar(255) COLLATE utf8mb4_unicode_ci NOT NULL,
  `isStarted` varchar(255) COLLATE utf8mb4_unicode_ci NOT NULL,
  `isFinished` varchar(255) COLLATE utf8mb4_unicode_ci NOT NULL,
  `created_at` timestamp NULL DEFAULT NULL,
  `updated_at` timestamp NULL DEFAULT NULL,
  `stopTimer` int(11) DEFAULT '0',
  PRIMARY KEY (`id`)
) ENGINE=InnoDB AUTO_INCREMENT=609 DEFAULT CHARSET=utf8mb4 COLLATE=utf8mb4_unicode_ci;
/*!40101 SET character_set_client = @saved_cs_client */;

--
-- Dumping data for table `notifications`
--

LOCK TABLES `notifications` WRITE;
/*!40000 ALTER TABLE `notifications` DISABLE KEYS */;
INSERT INTO `notifications` VALUES (1,'1','1','2018-01-17 18:59:56','2018-01-17 19:03:18',NULL,NULL,1),(2,'10','465','2018-01-17 19:12:51','null',NULL,NULL,1),(3,'1','6','2018-01-17 21:07:22','2018-01-17 21:07:37',NULL,NULL,1),(4,'1','11','2018-01-17 21:09:20','null',NULL,NULL,1),(5,'1','16','2018-01-17 21:10:13','null',NULL,NULL,1),(6,'11','552','2018-01-18 11:36:50','2018-01-18 13:57:58',NULL,NULL,1),(7,'12','553','2018-01-19 09:49:55','2018-01-19 09:50:13',NULL,NULL,1),(8,'12','554','2018-01-19 09:50:30','2018-01-19 09:50:50',NULL,NULL,1),(9,'12','555','2018-01-19 09:51:04','2018-01-19 09:51:27',NULL,NULL,1),(10,'12','556','2018-01-19 09:51:37','2018-01-19 09:52:00',NULL,NULL,1),(11,'12','557','2018-01-19 09:52:13','2018-01-19 09:52:28',NULL,NULL,1),(12,'12','584','2018-01-19 10:16:09','2018-01-19 10:46:48',NULL,NULL,1),(13,'13','616','2018-01-19 11:28:28','2018-01-19 11:29:14',NULL,NULL,1),(14,'13','617','2018-01-19 11:29:00','2018-01-19 11:29:31',NULL,NULL,1),(15,'17','740','2018-01-19 15:52:58','null',NULL,NULL,1),(16,'17','741','2018-01-19 15:53:15','null',NULL,NULL,1),(17,'17','742','2018-01-19 15:53:27','null',NULL,NULL,1),(18,'17','744','2018-01-19 15:53:39','null',NULL,NULL,1),(19,'17','743','2018-01-19 15:54:02','null',NULL,NULL,1),(20,'17','746','2018-01-19 15:54:23','null',NULL,NULL,1),(21,'17','747','2018-01-19 15:55:24','null',NULL,NULL,1),(22,'17','749','2018-01-19 15:55:47','null',NULL,NULL,1),(23,'17','753','2018-01-19 15:56:01','null',NULL,NULL,1),(24,'17','771','2018-01-19 16:04:30','null',NULL,NULL,1),(25,'17','772','2018-01-19 16:04:42','null',NULL,NULL,1),(26,'17','773','2018-01-19 16:04:54','null',NULL,NULL,1),(27,'17','774','2018-01-19 16:05:06','null',NULL,NULL,1),(28,'17','775','2018-01-19 16:05:18','null',NULL,NULL,1),(29,'17','776','2018-01-19 16:05:32','null',NULL,NULL,1),(30,'21','948','2018-01-19 17:51:37','null',NULL,NULL,1),(31,'22','980','2018-01-19 18:00:47','null',NULL,NULL,1),(32,'22','981','2018-01-19 18:01:23','null',NULL,NULL,1),(33,'22','982','2018-01-19 18:01:54','null',NULL,NULL,1),(34,'22','986','2018-01-19 18:04:07','null',NULL,NULL,1),(35,'22','983','2018-01-19 18:09:56','null',NULL,NULL,1),(36,'22','985','2018-01-19 18:27:17','null',NULL,NULL,1),(37,'22','984','2018-01-19 18:41:35','null',NULL,NULL,1),(38,'22','987','2018-01-19 18:45:40','2018-01-19 18:45:52',NULL,NULL,1),(39,'22','988','2018-01-19 18:51:25','null',NULL,NULL,1),(40,'23','1023','2018-01-19 18:55:23','null',NULL,NULL,1),(41,'23','1024','2018-01-19 18:55:53','null',NULL,NULL,1),(42,'24','1035','2018-01-19 19:07:38','null',NULL,NULL,1),(43,'24','1036','2018-01-19 19:19:51','null',NULL,NULL,1),(44,'26','1153','2018-01-19 19:42:01','null',NULL,NULL,1),(45,'26','1154','2018-01-19 19:43:42','null',NULL,NULL,1),(46,'26','1155','2018-01-19 19:45:16','null',NULL,NULL,1),(47,'26','1156','2018-01-19 19:45:55','null',NULL,NULL,1),(48,'26','1157','2018-01-19 19:47:02','null',NULL,NULL,1),(49,'26','1158','2018-01-19 19:47:29','null',NULL,NULL,1),(50,'26','1159','2018-01-19 19:48:05','null',NULL,NULL,1),(51,'26','1160','2018-01-19 19:48:26','null',NULL,NULL,1),(52,'26','1161','2018-01-19 19:59:21','null',NULL,NULL,1),(53,'26','1162','2018-01-19 19:59:39','null',NULL,NULL,1),(54,'26','1163','2018-01-19 20:00:03','null',NULL,NULL,1),(55,'26','1164','2018-01-19 20:00:23','null',NULL,NULL,1),(56,'26','1165','2018-01-19 20:10:49','null',NULL,NULL,1),(57,'26','1166','2018-01-19 20:12:13','null',NULL,NULL,1),(58,'26','1167','2018-01-19 20:22:45','null',NULL,NULL,1),(59,'27','1201','2018-01-19 21:09:57','null',NULL,NULL,1),(60,'27','1202','2018-01-19 21:10:40','null',NULL,NULL,1),(61,'27','1203','2018-01-19 21:11:08','null',NULL,NULL,1),(62,'27','1204','2018-01-19 21:11:29','null',NULL,NULL,1),(63,'27','1205','2018-01-19 21:23:07','null',NULL,NULL,1),(64,'27','1206','2018-01-19 21:23:32','null',NULL,NULL,1),(65,'27','1207','2018-01-19 21:24:16','2018-01-19 21:26:01',NULL,NULL,1),(66,'29','1239','2018-01-19 21:43:07','null',NULL,NULL,1),(67,'29','1240','2018-01-19 21:51:13','null',NULL,NULL,1),(68,'29','1241','2018-01-19 22:07:01','null',NULL,NULL,1),(69,'30','1273','2018-01-19 22:17:31','null',NULL,NULL,1),(70,'35','1527','2018-01-22 13:08:04','null',NULL,NULL,1),(71,'36','1616','2018-01-22 13:08:50','null',NULL,NULL,1),(72,'36','1617','2018-01-22 13:09:15','null',NULL,NULL,1),(73,'36','1619','2018-01-22 13:10:07','2018-01-22 13:11:54',NULL,NULL,1),(74,'36','1622','2018-01-22 13:10:27','null',NULL,NULL,1),(75,'36','1620','2018-01-22 13:11:27','null',NULL,NULL,1),(76,'37','1663','2018-01-22 13:30:57','null',NULL,NULL,1),(77,'37','1664','2018-01-22 13:31:36','null',NULL,NULL,1),(78,'37','1666','2018-01-22 13:32:19','null',NULL,NULL,1),(79,'37','1667','2018-01-22 13:36:00','null',NULL,NULL,1),(80,'37','1668','2018-01-22 13:36:48','null',NULL,NULL,1),(81,'37','1669','2018-01-22 13:38:07','null',NULL,NULL,1),(82,'38','1671','2018-01-22 13:43:37','null',NULL,NULL,1),(83,'38','1670','2018-01-22 13:43:59','null',NULL,NULL,1),(84,'40','1761','2018-01-22 15:17:36','2018-01-22 15:17:56',NULL,NULL,1),(85,'40','1766','2018-01-22 15:19:17','null',NULL,NULL,1),(86,'40','1768','2018-01-22 15:21:31','null',NULL,NULL,1),(87,'40','1769','2018-01-23 09:22:54','2018-01-23 09:23:19',NULL,NULL,1),(88,'40','1772','2018-01-23 09:23:39','2018-01-23 09:24:13',NULL,NULL,1),(89,'40','1770','2018-01-23 09:24:16','2018-01-23 09:24:53',NULL,NULL,1),(90,'40','1771','2018-01-23 09:24:36','2018-01-23 09:25:08',NULL,NULL,1),(91,'40','1773','2018-01-23 09:25:51','2018-01-23 09:27:18',NULL,NULL,1),(92,'40','1774','2018-01-23 09:26:44','2018-01-23 09:27:38',NULL,NULL,1),(93,'40','1775','2018-01-23 09:28:36','2018-01-23 09:29:14',NULL,NULL,1),(94,'41','1835','2018-01-23 09:34:13','2018-01-23 09:35:25',NULL,NULL,1),(95,'41','1837','2018-01-23 09:35:52','2018-01-23 09:36:45',NULL,NULL,1),(96,'42','1867','2018-01-23 09:49:27','2018-01-23 10:30:19',NULL,NULL,1),(97,'42','1866','2018-01-23 10:29:03','2018-01-23 10:29:22',NULL,NULL,1),(98,'42','1868','2018-01-23 10:30:39','2018-01-23 10:31:05',NULL,NULL,1),(99,'42','1869','2018-01-23 10:31:47','2018-01-23 10:32:42',NULL,NULL,1),(100,'42','1870','2018-01-23 10:33:14','2018-01-23 10:33:54',NULL,NULL,1),(101,'42','1871','2018-01-23 10:34:12','2018-01-23 10:34:40',NULL,NULL,1),(102,'42','1872','2018-01-23 10:35:07','2018-01-23 12:02:49',NULL,NULL,1),(103,'43','1873','2018-01-23 10:57:56','null',NULL,NULL,1),(104,'45','1976','2018-01-23 11:51:31','2018-01-23 11:52:25',NULL,NULL,1),(105,'46','1977','2018-01-23 12:22:03','2018-01-23 12:22:25',NULL,NULL,1),(106,'46','1978','2018-01-23 12:22:46','2018-01-23 12:23:32',NULL,NULL,1),(107,'46','1979','2018-01-23 12:23:05','2018-01-23 12:24:26',NULL,NULL,1),(108,'46','1980','2018-01-23 12:24:05','null',NULL,NULL,1),(109,'47','2008','2018-01-25 13:24:58','null',NULL,NULL,1),(110,'47','2009','2018-01-25 13:26:48','null',NULL,NULL,1),(111,'48','2039','2018-01-26 12:23:27','null',NULL,NULL,1),(112,'48','2040','2018-01-26 12:26:21','null',NULL,NULL,1),(113,'49','2051','2018-01-28 18:05:25','2018-01-28 18:07:00',NULL,NULL,1),(114,'49','2057','2018-01-28 18:07:20','2018-01-28 18:07:35',NULL,NULL,1),(115,'49','2058','2018-01-28 18:07:44','2018-01-28 18:08:24',NULL,NULL,1),(116,'49','2061','2018-01-28 18:08:40','2018-01-28 18:12:02',NULL,NULL,1),(117,'49','2062','2018-01-28 18:12:17','2018-01-28 18:12:41',NULL,NULL,1),(118,'49','2063','2018-01-28 18:12:50','2018-01-28 18:13:21',NULL,NULL,1),(119,'49','2064','2018-01-28 18:13:36','2018-01-28 18:14:05',NULL,NULL,1),(120,'49','2066','2018-01-28 18:14:16','2018-01-28 18:14:48',NULL,NULL,1),(121,'49','2067','2018-01-28 18:15:04','2018-01-28 18:16:08',NULL,NULL,1),(122,'49','2068','2018-01-28 18:16:17','2018-01-28 18:16:52',NULL,NULL,1),(123,'49','2071','2018-01-28 18:17:01','null',NULL,NULL,1),(124,'49','2073','2018-01-28 18:17:22','2018-01-28 18:21:39',NULL,NULL,1),(125,'49','2074','2018-01-28 18:18:30','2018-01-28 18:21:36',NULL,NULL,1),(126,'49','2078','2018-01-28 18:18:53','2018-01-28 18:21:33',NULL,NULL,1),(127,'49','2083','2018-01-28 18:20:35','null',NULL,NULL,1),(128,'49','2110','2018-01-28 18:29:20','2018-01-28 18:29:44',NULL,NULL,1),(129,'49','2111','2018-01-28 18:30:06','2018-01-28 18:30:28',NULL,NULL,1),(130,'49','2112','2018-01-28 18:31:19','2018-01-28 18:33:04',NULL,NULL,1),(131,'50','2172','2018-01-31 13:58:08','2018-01-31 13:58:55',NULL,NULL,1),(132,'50','2173','2018-01-31 13:59:16','2018-01-31 13:59:34',NULL,NULL,1),(133,'50','2174','2018-01-31 13:59:51','2018-01-31 14:00:18',NULL,NULL,1),(134,'50','2175','2018-01-31 14:01:06','2018-01-31 14:01:27',NULL,NULL,1),(135,'50','2176','2018-01-31 14:01:45','2018-01-31 14:06:14',NULL,NULL,1),(136,'50','2177','2018-01-31 14:06:31','2018-01-31 14:06:55',NULL,NULL,1),(137,'50','2178','2018-01-31 14:07:10','2018-01-31 14:07:38',NULL,NULL,1),(138,'50','2179','2018-01-31 14:07:54','2018-01-31 14:08:13',NULL,NULL,1),(139,'50','2180','2018-01-31 14:08:29','2018-01-31 14:08:48',NULL,NULL,1),(140,'50','2181','2018-01-31 14:09:12','2018-01-31 14:09:37',NULL,NULL,1),(141,'50','2182','2018-01-31 14:09:56','2018-01-31 14:10:11',NULL,NULL,1),(142,'50','2183','2018-01-31 14:10:39','null',NULL,NULL,1),(143,'50','2184','2018-01-31 14:11:55','2018-01-31 14:12:24',NULL,NULL,1),(144,'50','2185','2018-01-31 14:12:46','2018-01-31 14:13:42',NULL,NULL,1),(145,'50','2186','2018-01-31 14:16:54','2018-01-31 14:17:11',NULL,NULL,1),(146,'50','2187','2018-01-31 14:17:51','2018-01-31 14:18:06',NULL,NULL,1),(147,'50','2188','2018-01-31 14:19:30','2018-01-31 14:21:25',NULL,NULL,1),(148,'50','2189','2018-01-31 14:22:32','2018-01-31 14:26:26',NULL,NULL,1),(149,'50','2190','2018-01-31 14:27:16','2018-01-31 14:39:15',NULL,NULL,1),(150,'50','2191','2018-01-31 14:37:40','2018-01-31 14:37:57',NULL,NULL,1),(151,'50','2203','2018-01-31 14:46:45','2018-01-31 14:47:04',NULL,NULL,1),(152,'50','2204','2018-01-31 14:56:08','2018-01-31 14:56:19',NULL,NULL,1),(153,'50','2205','2018-01-31 14:56:38','2018-01-31 14:57:01',NULL,NULL,1),(154,'50','2206','2018-01-31 14:57:35','2018-01-31 14:57:58',NULL,NULL,1),(155,'50','2207','2018-01-31 14:58:25','2018-01-31 14:58:39',NULL,NULL,1),(156,'50','2208','2018-01-31 14:58:55','2018-01-31 14:59:55',NULL,NULL,1),(157,'50','2209','2018-01-31 15:00:14','2018-01-31 15:00:31',NULL,NULL,1),(158,'50','2210','2018-01-31 15:00:47','2018-01-31 15:00:59',NULL,NULL,1),(159,'51','2113','2018-01-31 16:57:19','2018-01-31 16:58:15',NULL,NULL,1),(160,'51','2114','2018-01-31 16:59:15','2018-01-31 17:00:09',NULL,NULL,1),(161,'51','2115','2018-01-31 17:00:25','2018-01-31 17:01:04',NULL,NULL,1),(162,'51','2117','2018-01-31 17:01:33','2018-01-31 17:02:06',NULL,NULL,1),(163,'51','2118','2018-01-31 17:02:20','2018-01-31 17:02:50',NULL,NULL,1),(164,'51','2120','2018-01-31 17:03:09','2018-01-31 17:04:00',NULL,NULL,1),(165,'51','2121','2018-01-31 17:04:20','2018-01-31 17:05:02',NULL,NULL,1),(166,'51','2123','2018-01-31 17:07:24','2018-01-31 17:07:49',NULL,NULL,1),(167,'51','2124','2018-01-31 17:08:28','2018-01-31 17:08:59',NULL,NULL,1),(168,'51','2217','2018-01-31 17:12:56','2018-01-31 17:13:16',NULL,NULL,1),(169,'51','2218','2018-01-31 17:13:22','null',NULL,NULL,1),(170,'54','2230','2018-02-01 17:42:35','null',NULL,NULL,1),(171,'54','2231','2018-02-01 17:43:59','2018-02-01 17:44:24',NULL,NULL,1),(172,'54','2232','2018-02-01 17:46:17','2018-02-01 17:46:38',NULL,NULL,1),(173,'54','2236','2018-02-01 17:46:49','2018-02-01 17:47:17',NULL,NULL,1),(174,'54','2240','2018-02-01 17:47:33','2018-02-01 17:48:08',NULL,NULL,1),(175,'54','2241','2018-02-01 17:48:17','2018-02-01 17:48:55',NULL,NULL,1),(176,'54','2242','2018-02-01 17:49:31','2018-02-01 17:49:51',NULL,NULL,1),(177,'54','2243','2018-02-01 17:50:07','2018-02-01 17:50:32',NULL,NULL,1),(178,'54','2246','2018-02-01 17:50:48','2018-02-01 17:51:18',NULL,NULL,1),(179,'54','2252','2018-02-01 17:51:47','2018-02-01 17:52:09',NULL,NULL,1),(180,'54','2253','2018-02-01 17:52:25','2018-02-01 17:52:45',NULL,NULL,1),(181,'54','2255','2018-02-01 17:52:59','2018-02-01 17:53:17',NULL,NULL,1),(182,'54','2257','2018-02-01 17:53:28','2018-02-01 17:54:18',NULL,NULL,1),(183,'54','2258','2018-02-01 17:53:59','2018-02-01 17:55:40',NULL,NULL,1),(184,'54','2260','2018-02-01 17:55:58','2018-02-01 17:56:18',NULL,NULL,1),(185,'54','2261','2018-02-01 17:56:39','2018-02-01 17:56:59',NULL,NULL,1),(186,'54','2263','2018-02-01 17:57:14','2018-02-01 17:57:39',NULL,NULL,1),(187,'54','2266','2018-02-01 17:57:53','2018-02-01 17:58:16',NULL,NULL,1),(188,'54','2267','2018-02-01 17:58:35','2018-02-01 17:58:52',NULL,NULL,1),(189,'54','2268','2018-02-01 17:59:08','2018-02-01 17:59:34',NULL,NULL,1),(190,'54','2270','2018-02-01 17:59:50','2018-02-01 18:00:08',NULL,NULL,1),(191,'54','2271','2018-02-01 18:00:24','2018-02-01 18:00:41',NULL,NULL,1),(192,'54','2272','2018-02-01 18:00:52','2018-02-01 18:01:15',NULL,NULL,1),(193,'54','2274','2018-02-01 18:01:30','2018-02-01 18:01:50',NULL,NULL,1),(194,'54','2275','2018-02-01 18:02:18','2018-02-01 18:02:40',NULL,NULL,1),(195,'54','2276','2018-02-01 18:03:06','2018-02-01 18:03:32',NULL,NULL,1),(196,'54','2280','2018-02-01 18:03:46','2018-02-01 18:04:13',NULL,NULL,1),(197,'54','2281','2018-02-01 18:04:48','2018-02-01 18:05:08',NULL,NULL,1),(198,'54','2282','2018-02-01 18:05:16','2018-02-01 18:06:05',NULL,NULL,1),(199,'54','2283','2018-02-01 18:05:49','2018-02-01 18:06:21',NULL,NULL,1),(200,'54','2284','2018-02-01 18:06:27','2018-02-01 18:06:46',NULL,NULL,1),(201,'54','2286','2018-02-01 18:07:00','2018-02-01 18:09:18',NULL,NULL,1),(202,'54','2288','2018-02-01 18:11:02','2018-02-01 18:11:18',NULL,NULL,1),(203,'54','2287','2018-02-01 18:12:06','2018-02-01 18:12:23',NULL,NULL,1),(204,'59','2437','2018-02-07 05:13:17','2018-02-07 06:48:06',NULL,NULL,1),(205,'59','2438','2018-02-07 06:48:26','null',NULL,NULL,1),(206,'59','2440','2018-02-07 06:48:51','null',NULL,NULL,1),(207,'59','2442','2018-02-07 06:49:07','null',NULL,NULL,1),(208,'59','2451','2018-02-07 06:58:02','null',NULL,NULL,1),(209,'59','2462','2018-02-07 06:58:53','2018-02-07 07:04:42',NULL,NULL,1),(210,'59','2471','2018-02-07 07:00:45','null',NULL,NULL,1),(211,'59','2469','2018-02-07 07:01:12','null',NULL,NULL,1),(212,'59','2467','2018-02-07 07:03:55','null',NULL,NULL,1),(213,'59','2465','2018-02-07 07:04:17','null',NULL,NULL,1),(214,'59','2463','2018-02-07 07:04:38','null',NULL,NULL,1),(215,'60','2498','2018-02-07 07:07:13','null',NULL,NULL,1),(216,'60','2499','2018-02-07 07:07:23','null',NULL,NULL,1),(217,'60','2502','2018-02-07 07:07:31','2018-02-07 07:07:33',NULL,NULL,1),(218,'60','2504','2018-02-07 07:07:52','2018-02-07 07:07:54',NULL,NULL,1),(219,'59','2461','2018-02-07 07:08:08','null',NULL,NULL,1),(220,'60','2526','2018-02-07 07:08:22','null',NULL,NULL,1),(221,'60','2519','2018-02-07 07:09:58','2018-02-07 07:10:03',NULL,NULL,1),(222,'60','2528','2018-02-07 07:10:29','2018-02-07 07:11:11',NULL,NULL,1),(223,'60','2529','2018-02-07 07:10:44','null',NULL,NULL,1),(224,'60','2472','2018-02-07 07:11:34','2018-02-07 07:38:41',NULL,NULL,1),(225,'60','2487','2018-02-07 07:32:23','2018-02-07 07:32:44',NULL,NULL,1),(226,'59','2436','2018-02-07 07:36:43','null',NULL,NULL,1),(227,'60','2474','2018-02-07 07:37:08','2018-02-07 07:38:37',NULL,NULL,1),(228,'60','2477','2018-02-07 07:38:17','null',NULL,NULL,1),(229,'60','2481','2018-02-07 07:41:52','null',NULL,NULL,1),(230,'60','2531','2018-02-07 07:44:31','2018-02-07 07:44:35',NULL,NULL,1),(231,'60','2532','2018-02-07 07:44:40','null',NULL,NULL,1),(232,'60','2547','2018-02-07 07:47:59','2018-02-07 07:48:21',NULL,NULL,1),(233,'59','2439','2018-02-07 07:50:44','null',NULL,NULL,1),(234,'60','2550','2018-02-07 07:50:52','null',NULL,NULL,1),(235,'60','2551','2018-02-07 07:51:13','2018-02-07 07:51:21',NULL,NULL,1),(236,'61','2556','2018-02-07 09:49:04','2018-02-08 08:47:21',NULL,NULL,1),(237,'61','2555','2018-02-07 10:08:36','2018-02-08 08:47:23',NULL,NULL,1),(238,'61','2557','2018-02-07 11:12:45','2018-02-07 12:25:48',NULL,NULL,1),(239,'61','2559','2018-02-07 15:54:03','2018-02-07 15:54:31',NULL,NULL,1),(240,'61','2558','2018-02-07 16:06:22','null',NULL,NULL,1),(241,'61','2560','2018-02-07 16:06:30','null',NULL,NULL,1),(242,'61','2590','2018-02-07 22:37:34','null',NULL,NULL,1),(243,'62','2591','2018-02-08 08:51:41','2018-02-08 10:53:12',NULL,NULL,1),(244,'62','2592','2018-02-08 08:52:24','2018-02-08 10:52:53',NULL,NULL,1),(245,'62','2594','2018-02-08 09:26:42','2018-02-08 10:45:59',NULL,NULL,1),(246,'62','2595','2018-02-08 09:27:08','null',NULL,NULL,1),(247,'62','2598','2018-02-08 10:23:33','null',NULL,NULL,1),(248,'62','2604','2018-02-08 10:25:51','null',NULL,NULL,1),(249,'62','2605','2018-02-08 10:26:47','null',NULL,NULL,1),(250,'62','2609','2018-02-08 10:27:08','null',NULL,NULL,1),(251,'63','2686','2018-02-08 16:30:48','2018-02-08 16:33:10',NULL,NULL,1),(252,'63','2687','2018-02-08 16:32:36','2018-02-08 16:33:16',NULL,NULL,1),(253,'63','2688','2018-02-08 16:33:34','2018-02-08 16:33:51',NULL,NULL,1),(254,'63','2689','2018-02-08 16:34:02','2018-02-08 16:40:02',NULL,NULL,1),(255,'63','2690','2018-02-08 16:34:30','2018-02-08 16:34:56',NULL,NULL,1),(256,'63','2691','2018-02-08 16:35:11','2018-02-08 16:35:38',NULL,NULL,1),(257,'63','2692','2018-02-08 16:36:09','2018-02-08 16:39:54',NULL,NULL,1),(258,'63','2693','2018-02-08 16:36:44','2018-02-08 16:39:47',NULL,NULL,1),(259,'64','2650','2018-02-08 16:37:48','2018-02-08 19:06:53',NULL,NULL,1),(260,'64','2657','2018-02-08 16:38:33','2018-02-08 16:41:22',NULL,NULL,1),(261,'63','2694','2018-02-08 16:39:19','null',NULL,NULL,1),(262,'63','2699','2018-02-08 16:40:11','2018-02-08 16:40:25',NULL,NULL,1),(263,'64','2658','2018-02-08 16:42:29','2018-02-08 16:42:51',NULL,NULL,1),(264,'64','2675','2018-02-08 16:45:12','null',NULL,NULL,1),(265,'64','2660','2018-02-08 19:07:49','null',NULL,NULL,1),(266,'66','2779','2018-02-09 11:54:23','2018-02-09 11:55:36',NULL,NULL,1),(267,'66','2780','2018-02-09 11:56:53','2018-02-09 11:57:27',NULL,NULL,1),(268,'67','2782','2018-02-09 12:00:50','2018-02-09 12:01:25',NULL,NULL,1),(269,'67','2783','2018-02-09 12:01:37','2018-02-09 12:02:00',NULL,NULL,1),(270,'68','2785','2018-02-09 12:07:21','2018-02-09 12:07:41',NULL,NULL,1),(271,'68','2786','2018-02-09 12:08:03','2018-02-09 12:08:49',NULL,NULL,1),(272,'68','2788','2018-02-09 12:41:54','2018-02-09 12:42:25',NULL,NULL,1),(273,'69','2789','2018-02-09 12:45:15','2018-02-09 12:46:21',NULL,NULL,1),(274,'69','2790','2018-02-09 12:45:33','2018-02-09 12:45:48',NULL,NULL,1),(275,'70','2793','2018-02-09 13:31:53','null',NULL,NULL,1),(276,'70','2794','2018-02-09 13:32:12','2018-02-09 13:32:34',NULL,NULL,1),(277,'70','2795','2018-02-09 13:33:31','2018-02-09 13:39:41',NULL,NULL,1),(278,'72','2796','2018-02-09 13:43:16','null',NULL,NULL,1),(279,'72','2797','2018-02-09 13:43:45','2018-02-09 13:44:03',NULL,NULL,1),(280,'72','2798','2018-02-09 13:45:21','2018-02-09 13:46:48',NULL,NULL,1),(281,'73','2835','2018-02-09 13:53:12','2018-02-09 13:53:26',NULL,NULL,1),(282,'73','2836','2018-02-09 13:53:45','2018-02-09 13:54:03',NULL,NULL,1),(283,'73','2837','2018-02-09 13:54:52','2018-02-09 14:20:15',NULL,NULL,1),(284,'74','2874','2018-02-09 14:41:34','2018-02-09 14:42:02',NULL,NULL,1),(285,'75','2911','2018-02-09 14:43:36','2018-02-09 14:44:00',NULL,NULL,1),(286,'78','2974','2018-02-09 15:26:39','null',NULL,NULL,1),(287,'80','2976','2018-02-10 17:42:29','2018-02-10 17:42:51',NULL,NULL,1),(288,'80','2977','2018-02-10 17:43:09','2018-02-10 17:43:25',NULL,NULL,1),(289,'80','2978','2018-02-10 17:43:51','2018-02-10 17:44:07',NULL,NULL,1),(290,'80','2979','2018-02-10 17:47:15','2018-02-10 17:47:55',NULL,NULL,1),(291,'80','2980','2018-02-10 17:48:15','2018-02-10 17:48:49',NULL,NULL,1),(292,'80','2983','2018-02-10 17:52:07','2018-02-10 17:52:30',NULL,NULL,1),(293,'80','2984','2018-02-10 17:53:02','2018-02-10 17:53:29',NULL,NULL,1),(294,'80','2987','2018-02-10 17:53:54','2018-02-10 17:54:15',NULL,NULL,1),(295,'80','2989','2018-02-10 17:54:44','2018-02-10 17:55:03',NULL,NULL,1),(296,'80','2990','2018-02-10 17:55:25','2018-02-10 17:55:46',NULL,NULL,1),(297,'80','2992','2018-02-10 17:58:08','2018-02-10 17:58:28',NULL,NULL,1),(298,'80','3035','2018-02-10 18:00:39','2018-02-10 18:00:58',NULL,NULL,1),(299,'80','3036','2018-02-10 18:01:25','2018-02-10 18:01:38',NULL,NULL,1),(300,'79','3038','2018-02-10 18:03:28','2018-02-10 18:03:40',NULL,NULL,1),(301,'79','3039','2018-02-10 18:03:53','2018-02-10 18:04:35',NULL,NULL,1),(302,'79','3040','2018-02-10 18:04:50','2018-02-10 18:05:35',NULL,NULL,1),(303,'79','3041','2018-02-10 18:05:10','null',NULL,NULL,1),(304,'79','3075','2018-02-10 18:12:23','2018-02-10 18:12:41',NULL,NULL,1),(305,'80','3037','2018-02-10 21:46:31','null',NULL,NULL,1),(306,'84','3112','2018-02-19 17:36:45','2018-02-19 17:39:43',NULL,NULL,1),(307,'82','3151','2018-02-19 17:37:02','2018-02-19 17:37:23',NULL,NULL,1),(308,'82','3152','2018-02-19 17:37:38','2018-02-19 17:37:59',NULL,NULL,1),(309,'82','3153','2018-02-19 17:38:11','2018-02-19 17:38:26',NULL,NULL,1),(310,'84','3113','2018-02-19 17:39:50','2018-02-19 17:40:10',NULL,NULL,1),(311,'85','3210','2018-02-19 17:42:48','2018-02-19 17:43:02',NULL,NULL,1),(312,'85','3211','2018-02-19 17:43:16','2018-02-19 17:43:34',NULL,NULL,1),(313,'86','3248','2018-02-19 17:46:34','2018-02-19 17:46:46',NULL,NULL,1),(314,'86','3249','2018-02-19 17:47:00','2018-02-19 17:47:15',NULL,NULL,1),(315,'86','3253','2018-02-19 17:48:43','2018-02-19 17:49:27',NULL,NULL,1),(316,'84','3209','2018-02-19 17:51:02','2018-02-19 17:52:04',NULL,NULL,1),(317,'87','3254','2018-02-21 19:46:32','null',NULL,NULL,1),(318,'88','3259','2018-02-22 18:16:27','null',NULL,NULL,1),(319,'88','3260','2018-02-22 18:16:43','2018-02-22 18:17:10',NULL,NULL,1),(320,'88','3262','2018-02-22 18:22:34','2018-02-22 18:22:58',NULL,NULL,1),(321,'88','3264','2018-02-22 18:24:14','2018-02-22 18:24:33',NULL,NULL,1),(322,'88','3268','2018-02-22 18:25:42','null',NULL,NULL,1),(323,'88','3318','2018-02-22 18:26:55','null',NULL,NULL,1),(324,'81','3076','2018-02-22 18:32:50','null',NULL,NULL,1),(325,'81','3077','2018-02-23 07:53:42','null',NULL,NULL,1),(326,'81','3078','2018-02-23 07:55:05','2018-02-23 07:56:36',NULL,NULL,1),(327,'32','1409','2018-02-23 08:15:39','2018-02-23 08:16:34',NULL,NULL,1),(328,'32','1407','2018-02-23 08:17:22','null',NULL,NULL,1),(329,'90','3323','2018-02-23 17:49:16','2018-02-23 19:04:21',NULL,NULL,1),(330,'90','3324','2018-02-23 17:49:49','2018-02-23 19:04:42',NULL,NULL,1),(331,'90','3325','2018-02-23 18:14:56','null',NULL,NULL,1),(332,'90','3326','2018-02-23 18:15:18','null',NULL,NULL,1),(333,'90','3327','2018-02-23 18:47:09','null',NULL,NULL,1),(334,'90','3328','2018-02-23 19:05:42','2018-02-24 04:44:41',NULL,NULL,1),(335,'91','3329','2018-02-24 04:48:02','2018-02-24 04:48:29',NULL,NULL,1),(336,'91','3330','2018-02-24 04:48:47','2018-02-24 04:49:15',NULL,NULL,1),(337,'91','3331','2018-02-24 04:49:26','2018-02-24 04:49:59',NULL,NULL,1),(338,'91','3332','2018-02-24 04:50:44','2018-02-24 04:53:48',NULL,NULL,1),(339,'95','3343','2018-02-24 05:49:47','2018-02-24 05:53:12',NULL,NULL,1),(340,'96','3344','2018-02-24 05:55:48','2018-02-24 05:56:17',NULL,NULL,1),(341,'96','3345','2018-02-24 05:56:25','2018-02-24 05:56:57',NULL,NULL,1),(342,'96','3346','2018-02-24 05:57:09','2018-02-24 05:57:31',NULL,NULL,1),(343,'96','3347','2018-02-24 05:57:45','2018-02-24 05:58:12',NULL,NULL,1),(344,'98','3356','2018-02-24 06:05:18','2018-02-24 06:09:03',NULL,NULL,1),(345,'98','3357','2018-02-24 06:05:53','2018-02-24 06:09:01',NULL,NULL,1),(346,'98','3358','2018-02-24 06:06:22','2018-02-24 06:08:50',NULL,NULL,1),(347,'98','3359','2018-02-24 06:06:44','2018-02-24 06:07:06',NULL,NULL,1),(348,'98','3361','2018-02-24 06:39:22','2018-02-24 06:39:33',NULL,NULL,1),(349,'99','3362','2018-02-24 13:24:09','2018-02-24 13:24:33',NULL,NULL,1),(350,'99','3363','2018-02-24 13:24:46','2018-02-24 13:25:05',NULL,NULL,1),(351,'99','3364','2018-02-24 13:25:20','2018-02-24 13:25:45',NULL,NULL,1),(352,'99','3365','2018-02-24 13:26:26','2018-02-24 13:26:48',NULL,NULL,1),(353,'99','3366','2018-02-24 13:27:10','2018-02-24 13:27:24',NULL,NULL,1),(354,'100','3369','2018-02-24 13:31:49','2018-02-24 13:32:37',NULL,NULL,1),(355,'100','3370','2018-02-24 13:32:52','2018-02-24 13:33:08',NULL,NULL,1),(356,'100','3371','2018-02-24 13:33:25','2018-02-24 13:33:43',NULL,NULL,1),(357,'100','3372','2018-02-24 13:33:56','2018-02-24 13:34:25',NULL,NULL,1),(358,'100','3373','2018-02-24 13:34:39','2018-02-24 13:34:55',NULL,NULL,1),(359,'101','3376','2018-02-24 13:43:44','2018-02-24 13:44:02',NULL,NULL,1),(360,'101','3377','2018-02-24 13:44:10','2018-02-24 13:44:29',NULL,NULL,1),(361,'101','3378','2018-02-24 13:45:24','2018-02-24 13:50:37',NULL,NULL,1),(362,'101','3379','2018-02-24 13:46:33','2018-02-24 13:47:03',NULL,NULL,1),(363,'101','3380','2018-02-24 13:47:20','2018-02-24 13:47:40',NULL,NULL,1),(364,'103','3381','2018-02-24 14:01:11','null',NULL,NULL,1),(365,'103','3382','2018-02-24 14:02:39','null',NULL,NULL,1),(366,'103','3383','2018-02-24 14:03:03','2018-02-24 14:04:47',NULL,NULL,1),(367,'103','3384','2018-02-24 14:05:05','2018-02-24 14:05:33',NULL,NULL,1),(368,'103','3385','2018-02-24 14:05:42','2018-02-24 14:06:12',NULL,NULL,1),(369,'103','3386','2018-02-24 14:06:22','2018-02-24 14:07:02',NULL,NULL,1),(370,'101','3391','2018-02-24 14:24:42','2018-02-24 14:24:55',NULL,NULL,1),(371,'108','3400','2018-02-24 20:07:11','2018-02-24 20:09:06',NULL,NULL,1),(372,'107','3411','2018-02-24 20:30:22','2018-02-24 20:32:58',NULL,NULL,1),(373,'107','3412','2018-02-24 20:35:40','2018-02-24 20:39:01',NULL,NULL,1),(374,'107','3413','2018-02-24 20:39:43','2018-02-24 20:42:28',NULL,NULL,1),(375,'107','3414','2018-02-24 20:43:19','2018-02-24 20:45:41',NULL,NULL,1),(376,'107','3415','2018-02-24 20:48:00','2018-02-24 20:50:35',NULL,NULL,1),(377,'107','3416','2018-02-24 20:51:30','2018-02-24 20:55:03',NULL,NULL,1),(378,'107','3417','2018-02-24 20:56:54','2018-02-24 20:58:58',NULL,NULL,1),(379,'107','3418','2018-02-24 21:00:09','2018-02-24 21:02:24',NULL,NULL,1),(380,'107','3419','2018-02-24 21:03:42','2018-02-24 21:05:44',NULL,NULL,1),(381,'107','3420','2018-02-24 21:06:32','2018-02-24 21:08:08',NULL,NULL,1),(382,'107','3421','2018-02-24 21:12:42','2018-02-24 21:12:47',NULL,NULL,1),(383,'109','3426','2018-02-24 21:25:36','2018-02-24 21:30:03',NULL,NULL,1),(384,'109','3427','2018-02-24 21:30:50','2018-02-24 21:36:46',NULL,NULL,1),(385,'109','3428','2018-02-24 21:38:28','2018-02-24 21:44:07',NULL,NULL,1),(386,'109','3429','2018-02-24 21:45:07','2018-02-24 21:49:53',NULL,NULL,1),(387,'110','3430','2018-02-24 22:00:47','2018-02-24 22:06:51',NULL,NULL,1),(388,'110','3431','2018-02-24 22:07:55','2018-02-24 22:12:32',NULL,NULL,1),(389,'111','3432','2018-02-24 22:19:15','2018-02-24 22:21:45',NULL,NULL,1),(390,'112','3433','2018-02-24 22:23:40','2018-02-24 22:28:25',NULL,NULL,1),(391,'114','3434','2018-03-07 14:22:05','2018-03-07 14:22:37',NULL,NULL,1),(392,'114','3435','2018-03-07 14:22:41','2018-03-07 14:23:09',NULL,NULL,1),(393,'114','3436','2018-03-07 14:23:13','null',NULL,NULL,1),(394,'114','3437','2018-03-07 14:23:41','null',NULL,NULL,1),(395,'114','3438','2018-03-07 14:24:12','null',NULL,NULL,1),(396,'114','3439','2018-03-07 14:24:45','2018-03-07 14:25:07',NULL,NULL,1),(397,'114','3440','2018-03-07 14:25:54','null',NULL,NULL,1),(398,'114','3441','2018-03-07 14:26:13','null',NULL,NULL,1),(399,'114','3442','2018-03-07 14:26:35','2018-03-07 14:26:58',NULL,NULL,1),(400,'114','3443','2018-03-07 14:27:43','null',NULL,NULL,1),(401,'114','3445','2018-03-08 06:20:42','2018-03-08 06:29:27',NULL,NULL,1),(402,'114','3444','2018-03-08 06:23:05','null',NULL,NULL,1),(403,'114','3446','2018-03-08 11:01:27','2018-03-08 11:02:08',NULL,NULL,1),(404,'114','3447','2018-03-08 11:02:29','2018-03-08 11:02:52',NULL,NULL,1),(405,'114','3448','2018-03-08 11:03:16','2018-03-08 11:03:58',NULL,NULL,1),(406,'114','3449','2018-03-08 11:04:23','2018-03-08 11:05:08',NULL,NULL,1),(407,'114','3450','2018-03-08 11:16:51','2018-03-08 11:18:17',NULL,NULL,1),(408,'114','3451','2018-03-08 11:17:18','2018-03-08 11:18:37',NULL,NULL,1),(409,'114','3452','2018-03-08 11:19:18','2018-03-08 11:33:35',NULL,NULL,1),(410,'115','3453','2018-03-08 11:30:21','null',NULL,NULL,1),(411,'115','3454','2018-03-08 11:31:03','2018-03-08 11:31:47',NULL,NULL,1),(412,'115','3465','2018-03-08 11:34:13','2018-03-08 11:34:44',NULL,NULL,1),(413,'119','3491','2018-03-11 01:04:39','2018-03-11 01:05:05',NULL,NULL,1),(414,'119','3493','2018-03-11 01:05:20','2018-03-11 01:05:40',NULL,NULL,1),(415,'119','3494','2018-03-11 01:05:51','2018-03-11 01:06:06',NULL,NULL,1),(416,'119','3496','2018-03-11 01:06:26','2018-03-11 01:07:26',NULL,NULL,1),(417,'119','3495','2018-03-11 01:06:43','2018-03-11 01:06:57',NULL,NULL,1),(418,'119','3497','2018-03-11 01:07:47','2018-03-11 01:08:04',NULL,NULL,1),(419,'119','3498','2018-03-11 01:08:19','2018-03-11 01:08:39',NULL,NULL,1),(420,'119','3499','2018-03-11 01:08:59','2018-03-11 01:09:18',NULL,NULL,1),(421,'119','3500','2018-03-11 01:09:34','2018-03-11 01:09:57',NULL,NULL,1),(422,'119','3501','2018-03-11 01:10:10','2018-03-11 01:10:38',NULL,NULL,1),(423,'119','3502','2018-03-11 01:10:48','2018-03-11 01:11:13',NULL,NULL,1),(424,'119','3503','2018-03-11 01:29:27','2018-03-11 01:29:41',NULL,NULL,1),(425,'119','3504','2018-03-11 01:30:55','2018-03-11 01:31:14',NULL,NULL,1),(426,'119','3505','2018-03-11 01:31:52','2018-03-11 01:32:09',NULL,NULL,1),(427,'119','3506','2018-03-11 01:32:25','2018-03-11 01:32:48',NULL,NULL,1),(428,'122','3510','2018-03-12 10:06:10','2018-03-12 10:11:21',NULL,NULL,1),(429,'122','3511','2018-03-12 10:10:33','2018-03-12 10:13:50',NULL,NULL,1),(430,'122','3512','2018-03-12 10:15:34','2018-03-12 10:19:41',NULL,NULL,1),(431,'122','3513','2018-03-12 10:21:12','null',NULL,NULL,1),(432,'122','3514','2018-03-12 10:37:16','null',NULL,NULL,1),(433,'122','3515','2018-03-12 10:39:12','null',NULL,NULL,1),(434,'123','3527','2018-03-12 21:02:49','2018-03-12 21:03:04',NULL,NULL,1),(435,'123','3528','2018-03-12 21:03:14','2018-03-12 21:03:44',NULL,NULL,1),(436,'123','3529','2018-03-12 21:04:07','2018-03-12 21:04:20',NULL,NULL,1),(437,'123','3530','2018-03-12 21:04:44','2018-03-12 21:05:00',NULL,NULL,1),(438,'123','3531','2018-03-12 21:05:16','2018-03-12 21:05:30',NULL,NULL,1),(439,'123','3532','2018-03-12 21:05:50','2018-03-12 21:06:04',NULL,NULL,1),(440,'123','3533','2018-03-12 21:06:22','2018-03-12 21:06:48',NULL,NULL,1),(441,'123','3534','2018-03-12 21:07:11','2018-03-12 21:07:38',NULL,NULL,1),(442,'123','3535','2018-03-12 21:07:56','2018-03-12 21:08:44',NULL,NULL,1),(443,'123','3536','2018-03-12 21:09:06','2018-03-12 21:09:21',NULL,NULL,1),(444,'123','3537','2018-03-12 21:09:38','2018-03-12 21:09:57',NULL,NULL,1),(445,'123','3538','2018-03-12 21:10:18','2018-03-12 21:10:35',NULL,NULL,1),(446,'123','3539','2018-03-12 21:10:56','2018-03-12 21:11:20',NULL,NULL,1),(447,'123','3540','2018-03-12 21:11:41','2018-03-12 21:12:02',NULL,NULL,1),(448,'123','3541','2018-03-12 21:12:22','2018-03-12 21:12:43',NULL,NULL,1),(449,'123','3542','2018-03-12 21:13:02','2018-03-12 21:13:21',NULL,NULL,1),(450,'123','3543','2018-03-12 21:13:37','2018-03-12 21:14:01',NULL,NULL,1),(451,'124','3548','2018-03-12 22:12:02','2018-03-12 22:12:13',NULL,NULL,1),(452,'124','3549','2018-03-12 22:12:27','2018-03-12 22:12:42',NULL,NULL,1),(453,'124','3550','2018-03-12 22:12:54','2018-03-12 22:13:18',NULL,NULL,1),(454,'124','3551','2018-03-12 22:13:32','2018-03-12 22:13:49',NULL,NULL,1),(455,'124','3552','2018-03-12 22:14:06','2018-03-12 22:14:21',NULL,NULL,1),(456,'124','3553','2018-03-12 22:14:37','2018-03-12 22:14:49',NULL,NULL,1),(457,'124','3554','2018-03-12 22:15:06','2018-03-12 22:15:19',NULL,NULL,1),(458,'124','3555','2018-03-12 22:15:39','2018-03-12 22:15:52',NULL,NULL,1),(459,'127','3595','2018-03-13 12:40:57','2018-03-13 12:44:12',NULL,NULL,1),(460,'127','3596','2018-03-13 12:44:26','2018-03-13 12:45:17',NULL,NULL,1),(461,'127','3597','2018-03-13 12:44:56','null',NULL,NULL,1),(462,'127','3632','2018-03-14 02:11:38','null',NULL,NULL,1),(463,'127','3633','2018-03-14 03:32:03','2018-03-14 03:32:18',NULL,NULL,1),(464,'127','3634','2018-03-14 17:17:49','2018-03-14 17:18:05',NULL,NULL,1),(465,'127','3635','2018-03-14 17:18:24','2018-03-14 17:18:39',NULL,NULL,1),(466,'127','3636','2018-03-14 17:19:01','null',NULL,NULL,1),(467,'127','3637','2018-03-14 17:20:29','null',NULL,NULL,1),(468,'129','3640','2018-03-15 01:01:50','2018-03-15 01:02:06',NULL,NULL,1),(469,'129','3641','2018-03-15 01:03:21','2018-03-15 01:03:40',NULL,NULL,1),(470,'129','3642','2018-03-15 01:03:56','2018-03-15 01:04:14',NULL,NULL,1),(471,'129','3643','2018-03-15 01:04:41','2018-03-15 01:05:05',NULL,NULL,1),(472,'129','3644','2018-03-15 01:05:24','2018-03-15 01:05:41',NULL,NULL,1),(473,'129','3645','2018-03-15 01:06:07','2018-03-15 01:06:24',NULL,NULL,1),(474,'129','3646','2018-03-15 01:06:40','2018-03-15 01:06:56',NULL,NULL,1),(475,'129','3647','2018-03-15 01:07:17','2018-03-15 01:07:34',NULL,NULL,1),(476,'129','3648','2018-03-15 01:07:50','2018-03-15 01:08:12',NULL,NULL,1),(477,'129','3649','2018-03-15 01:08:30','2018-03-15 01:08:46',NULL,NULL,1),(478,'129','3650','2018-03-15 17:36:11','2018-03-15 17:36:26',NULL,NULL,1),(479,'129','3651','2018-03-15 17:37:53','null',NULL,NULL,1),(480,'129','3652','2018-03-15 17:38:20','2018-03-15 17:38:35',NULL,NULL,1),(481,'139','3857','2018-03-16 22:00:24','2018-03-16 22:00:38',NULL,NULL,1),(482,'139','3858','2018-03-16 22:00:53','2018-03-16 22:01:05',NULL,NULL,1),(483,'139','3859','2018-03-16 22:01:19','2018-03-16 22:01:29',NULL,NULL,1),(484,'139','3860','2018-03-16 22:01:43','2018-03-16 22:01:55',NULL,NULL,1),(485,'139','3861','2018-03-16 22:02:08','2018-03-16 22:02:28',NULL,NULL,1),(486,'139','3862','2018-03-16 22:02:45','2018-03-16 22:03:10',NULL,NULL,1),(487,'139','3863','2018-03-16 22:03:25','null',NULL,NULL,1),(488,'139','3864','2018-03-16 22:04:13','2018-03-16 22:04:54',NULL,NULL,1),(489,'139','3865','2018-03-16 22:05:10','2018-03-16 22:05:32',NULL,NULL,1),(490,'139','3866','2018-03-16 22:05:48','2018-03-16 22:06:15',NULL,NULL,1),(491,'143','3890','2018-03-16 22:33:15','2018-03-16 22:33:30',NULL,NULL,1),(492,'143','3891','2018-03-16 22:34:15','2018-03-16 22:34:39',NULL,NULL,1),(493,'143','3892','2018-03-16 22:35:01','2018-03-16 22:35:26',NULL,NULL,1),(494,'143','3893','2018-03-16 22:35:44','2018-03-16 22:35:58',NULL,NULL,1),(495,'143','3894','2018-03-16 22:36:35','2018-03-16 22:36:48',NULL,NULL,1),(496,'143','3895','2018-03-16 22:37:07','2018-03-16 22:37:18',NULL,NULL,1),(497,'143','3896','2018-03-16 22:37:37','2018-03-16 22:37:50',NULL,NULL,1),(498,'143','3897','2018-03-16 22:38:09','2018-03-16 22:38:22',NULL,NULL,1),(499,'143','3898','2018-03-16 22:38:51','2018-03-16 22:39:04',NULL,NULL,1),(500,'143','3899','2018-03-16 22:39:19','2018-03-16 22:39:32',NULL,NULL,1),(501,'139','3867','2018-03-16 23:12:12','null',NULL,NULL,1),(502,'143','3906','2018-03-16 23:12:56','null',NULL,NULL,1),(503,'143','3907','2018-03-16 23:15:48','null',NULL,NULL,1),(504,'154','4144','2018-03-17 13:05:01','null',NULL,NULL,1),(505,'154','4145','2018-03-17 13:05:08','2018-03-17 13:05:20',NULL,NULL,1),(506,'154','4146','2018-03-17 13:05:41','2018-03-17 13:05:56',NULL,NULL,1),(507,'154','4147','2018-03-17 13:06:14','2018-03-17 13:06:30',NULL,NULL,1),(508,'154','4148','2018-03-17 13:06:47','2018-03-17 13:06:58',NULL,NULL,1),(509,'154','4149','2018-03-17 13:07:12','2018-03-17 13:07:24',NULL,NULL,1),(510,'154','4150','2018-03-17 13:07:37','2018-03-17 13:07:47',NULL,NULL,1),(511,'154','4151','2018-03-17 13:08:02','2018-03-17 13:08:30',NULL,NULL,1),(512,'154','4152','2018-03-17 13:08:47','2018-03-17 13:09:00',NULL,NULL,1),(513,'154','4153','2018-03-17 13:09:15','2018-03-17 13:09:25',NULL,NULL,1),(514,'158','4168','2018-03-17 15:19:24','null',NULL,NULL,1),(515,'158','4169','2018-03-17 15:20:18','2018-03-17 15:21:54',NULL,NULL,1),(516,'158','4170','2018-03-17 15:22:26','2018-03-17 15:22:53',NULL,NULL,1),(517,'158','4171','2018-03-17 15:23:27','2018-03-17 15:24:13',NULL,NULL,1),(518,'158','4179','2018-03-17 15:26:06','null',NULL,NULL,1),(519,'159','4183','2018-03-17 15:27:25','2018-03-17 15:29:35',NULL,NULL,1),(520,'158','4182','2018-03-17 15:30:02','2018-03-17 15:30:37',NULL,NULL,1),(521,'160','4186','2018-03-17 15:35:54','null',NULL,NULL,1),(522,'160','4187','2018-03-17 15:36:58','2018-03-17 16:21:20',NULL,NULL,1),(523,'160','4189','2018-03-17 15:37:58','2018-03-17 16:20:05',NULL,NULL,1),(524,'160','4191','2018-03-17 15:38:55','null',NULL,NULL,1),(525,'160','4193','2018-03-17 15:39:33','null',NULL,NULL,1),(526,'160','4184','2018-03-17 15:40:45','2018-03-17 15:44:12',NULL,NULL,1),(527,'160','4194','2018-03-17 16:18:31','2018-03-17 16:18:52',NULL,NULL,1),(528,'160','4188','2018-03-17 16:19:52','null',NULL,NULL,1),(529,'160','4190','2018-03-17 16:20:43','null',NULL,NULL,1),(530,'155','4198','2018-03-17 17:29:44','2018-03-17 17:32:46',NULL,NULL,1),(531,'155','4199','2018-03-17 17:35:01','2018-03-17 17:39:48',NULL,NULL,1),(532,'155','4200','2018-03-17 17:43:48','2018-03-17 17:46:24',NULL,NULL,1),(533,'155','4201','2018-03-17 17:48:57','2018-03-17 17:52:03',NULL,NULL,1),(534,'155','4202','2018-03-17 17:52:43','2018-03-17 17:54:59',NULL,NULL,1),(535,'155','4206','2018-03-17 18:55:23','2018-03-17 18:59:42',NULL,NULL,1),(536,'155','4207','2018-03-17 19:01:14','2018-03-17 19:04:16',NULL,NULL,1),(537,'155','4208','2018-03-17 19:05:10','2018-03-17 19:07:58',NULL,NULL,1),(538,'155','4209','2018-03-17 19:08:39','2018-03-17 19:11:50',NULL,NULL,1),(539,'156','4212','2018-03-17 19:23:02','2018-03-17 19:28:58',NULL,NULL,1),(540,'156','4213','2018-03-17 19:27:07','2018-03-17 19:29:58',NULL,NULL,1),(541,'157','4215','2018-03-17 19:40:47','2018-03-17 19:42:08',NULL,NULL,1),(542,'157','4216','2018-03-17 19:42:40','2018-03-17 19:43:55',NULL,NULL,1),(543,'157','4217','2018-03-17 19:44:55','2018-03-17 19:47:16',NULL,NULL,1),(544,'157','4218','2018-03-17 19:48:37','2018-03-17 19:50:32',NULL,NULL,1),(545,'157','4219','2018-03-17 19:52:55','2018-03-17 19:54:52',NULL,NULL,1),(546,'157','4220','2018-03-17 19:56:35','2018-03-17 19:57:58',NULL,NULL,1),(547,'155','4210','2018-03-17 20:00:35','2018-03-17 20:03:37',NULL,NULL,1),(548,'155','4211','2018-03-17 20:05:18','2018-03-17 20:08:16',NULL,NULL,1),(549,'157','4222','2018-03-17 20:13:11','2018-03-17 20:16:23',NULL,NULL,1),(550,'156','4214','2018-03-17 20:17:50','2018-03-17 20:21:17',NULL,NULL,1),(551,'155','4221','2018-03-17 20:23:49','2018-03-17 20:29:29',NULL,NULL,1),(552,'163','4236','2018-03-19 08:00:52','null',NULL,NULL,1),(553,'163','4237','2018-03-19 08:01:21','2018-03-19 08:02:09',NULL,NULL,1),(554,'163','4238','2018-03-19 08:01:45','null',NULL,NULL,1),(555,'163','4239','2018-03-19 08:02:42','null',NULL,NULL,1),(556,'163','4240','2018-03-19 08:03:05','2018-03-19 08:03:57',NULL,NULL,1),(557,'163','4241','2018-03-19 08:03:26','null',NULL,NULL,1),(558,'163','4242','2018-03-19 08:04:22','2018-03-19 08:04:49',NULL,NULL,1),(559,'163','4243','2018-03-19 08:04:55','null',NULL,NULL,1),(560,'163','4244','2018-03-19 08:05:23','2018-03-19 08:06:14',NULL,NULL,1),(561,'163','4245','2018-03-19 08:06:40','null',NULL,NULL,1),(562,'163','4246','2018-03-19 08:07:08','2018-03-19 08:07:34',NULL,NULL,1),(563,'163','4251','2018-03-19 08:07:41','null',NULL,NULL,1),(564,'163','4250','2018-03-19 08:08:11','2018-03-19 08:09:18',NULL,NULL,1),(565,'163','4249','2018-03-19 08:08:45','null',NULL,NULL,1),(566,'163','4247','2018-03-19 08:09:42','null',NULL,NULL,1),(567,'163','4248','2018-03-19 08:10:16','null',NULL,NULL,1),(568,'164','4260','2018-03-19 09:43:19','2018-03-19 09:45:32',NULL,NULL,1),(569,'164','4261','2018-03-19 09:43:46','2018-03-19 09:45:35',NULL,NULL,1),(570,'164','4262','2018-03-19 09:44:34','2018-03-19 09:45:43',NULL,NULL,1),(571,'164','4266','2018-03-19 09:44:51','2018-03-19 09:48:13',NULL,NULL,1),(572,'164','4265','2018-03-19 09:45:58','2018-03-19 09:48:19',NULL,NULL,1),(573,'164','4269','2018-03-19 09:46:51','null',NULL,NULL,1),(574,'164','4268','2018-03-19 09:47:19','2018-03-19 09:48:08',NULL,NULL,1),(575,'164','4267','2018-03-19 09:47:44','2018-03-19 09:48:11',NULL,NULL,1),(576,'164','4263','2018-03-19 09:48:31','null',NULL,NULL,1),(577,'164','4264','2018-03-19 09:50:00','2018-03-19 09:50:29',NULL,NULL,1),(578,'164','4285','2018-03-19 09:51:53','null',NULL,NULL,1),(579,'164','4278','2018-03-19 10:01:52','2018-03-19 10:02:10',NULL,NULL,1),(580,'166','4294','2018-03-19 20:21:59','2018-03-19 20:45:16',NULL,NULL,1),(581,'167','4296','2018-03-22 20:25:09','2018-03-22 20:44:40',NULL,NULL,1),(582,'170','4316','2018-03-28 13:45:47','2018-03-28 13:59:02',NULL,NULL,1),(583,'171','4321','2018-03-28 18:19:54','2018-03-28 18:25:55',NULL,NULL,1),(584,'171','4324','2018-03-28 18:26:49','2018-03-28 18:29:32',NULL,NULL,1),(585,'171','4323','2018-03-28 18:30:51','2018-03-28 18:33:41',NULL,NULL,1),(586,'171','4322','2018-03-28 18:34:59','2018-03-28 18:37:21',NULL,NULL,1),(587,'171','4326','2018-03-28 18:39:29','2018-03-28 18:42:10',NULL,NULL,1),(588,'171','4325','2018-03-28 18:43:30','2018-03-28 18:45:51',NULL,NULL,1),(589,'171','4327','2018-03-28 18:48:08','2018-03-28 18:51:22',NULL,NULL,1),(590,'172','4328','2018-03-29 06:11:14','null',NULL,NULL,1),(591,'173','4337','2018-03-29 06:21:43','null',NULL,NULL,1),(592,'173','4339','2018-03-29 06:22:42','null',NULL,NULL,1),(593,'174','4355','2018-03-30 16:57:43','2018-03-30 17:11:00',NULL,NULL,1),(594,'176','4374','2018-04-03 18:44:54','null',NULL,NULL,1),(595,'176','4375','2018-04-04 00:20:27','null',NULL,NULL,1),(596,'176','4376','2018-04-04 01:43:45','2018-04-04 01:49:14',NULL,NULL,1),(597,'178','4397','2018-04-08 22:14:28','2018-04-08 22:14:47',NULL,NULL,1),(598,'178','4398','2018-04-08 22:14:54','2018-04-08 22:15:15',NULL,NULL,1),(599,'178','4400','2018-04-08 22:15:30','2018-04-08 22:16:02',NULL,NULL,1),(600,'178','4401','2018-04-08 22:16:15','2018-04-08 22:16:29',NULL,NULL,1),(601,'178','4402','2018-04-08 22:16:43','2018-04-08 22:16:59',NULL,NULL,1),(602,'178','4403','2018-04-08 22:17:29','2018-04-08 22:18:21',NULL,NULL,1),(603,'178','4404','2018-04-08 22:18:44','2018-04-08 22:19:04',NULL,NULL,1),(604,'178','4405','2018-04-08 22:19:19','2018-04-08 22:19:37',NULL,NULL,1),(605,'178','4406','2018-04-08 22:20:58','2018-04-08 22:22:12',NULL,NULL,1),(606,'178','4407','2018-04-08 22:23:43','2018-04-08 22:25:12',NULL,NULL,1),(607,'176','4394','2018-04-08 22:25:38','2018-04-08 22:26:02',NULL,NULL,1),(608,'176','4393','2018-04-08 22:26:42','2018-04-08 22:26:54',NULL,NULL,1);
/*!40000 ALTER TABLE `notifications` ENABLE KEYS */;
UNLOCK TABLES;

--
-- Table structure for table `participant`
--

DROP TABLE IF EXISTS `participant`;
/*!40101 SET @saved_cs_client     = @@character_set_client */;
/*!40101 SET character_set_client = utf8 */;
CREATE TABLE `participant` (
  `id` int(10) unsigned NOT NULL AUTO_INCREMENT,
  `name` varchar(255) COLLATE utf8mb4_unicode_ci NOT NULL,
  `email` varchar(255) COLLATE utf8mb4_unicode_ci DEFAULT '',
  `phone` varchar(255) COLLATE utf8mb4_unicode_ci DEFAULT '',
  `nick` varchar(255) COLLATE utf8mb4_unicode_ci DEFAULT '',
  `address` varchar(255) COLLATE utf8mb4_unicode_ci DEFAULT '',
  `join_date` varchar(255) COLLATE utf8mb4_unicode_ci DEFAULT '',
  `color` varchar(255) COLLATE utf8mb4_unicode_ci DEFAULT '',
  `country` varchar(255) COLLATE utf8mb4_unicode_ci DEFAULT NULL,
  `image` varchar(255) COLLATE utf8mb4_unicode_ci DEFAULT NULL,
  PRIMARY KEY (`id`)
) ENGINE=InnoDB AUTO_INCREMENT=267 DEFAULT CHARSET=utf8mb4 COLLATE=utf8mb4_unicode_ci;
/*!40101 SET character_set_client = @saved_cs_client */;

--
-- Dumping data for table `participant`
--

LOCK TABLES `participant` WRITE;
/*!40000 ALTER TABLE `participant` DISABLE KEYS */;
INSERT INTO `participant` VALUES (181,'First Filler','','','','','','',NULL,NULL),(182,'Second Filler','','','','','','',NULL,NULL),(185,'Jack',NULL,NULL,'Jack',NULL,'2018-02-23','0','United States',''),(186,'Finn',NULL,NULL,'Finness',NULL,'2018-02-23','0','United States',''),(187,'Olive',NULL,NULL,'Olive',NULL,'2018-02-23','0','United States',''),(188,'Nathan',NULL,NULL,'Nathan',NULL,'2018-02-23','0','United States',''),(189,'Jocelyn',NULL,NULL,'Jocelyn',NULL,'2018-02-23','0','United States',''),(190,'Serena',NULL,NULL,'Serena',NULL,'2018-02-23','0','United States',''),(191,'Bria',NULL,NULL,'Bria',NULL,'2018-02-23','0','United States',''),(192,'Nicky',NULL,NULL,'Nicky',NULL,'2018-02-23','0','United States',''),(193,'Eliana',NULL,NULL,'Eliana',NULL,'2018-02-23','0','United States',''),(194,'Amato',NULL,NULL,'Amato',NULL,'2018-02-23','0','United States',''),(195,'Alex',NULL,NULL,'Alex',NULL,'2018-02-23','0','United States',''),(196,'Wilson',NULL,NULL,'Wilson',NULL,'2018-02-23','0','United States',''),(197,'Spencer',NULL,NULL,'Spencer',NULL,'2018-02-23','0','United States',''),(198,'Amir',NULL,NULL,'Amir',NULL,'2018-02-23','0','United States',''),(199,'Easy',NULL,NULL,'Easy',NULL,'2018-02-23','0','United States',''),(200,'Corey',NULL,NULL,'Corey',NULL,'2018-02-23','0','United States',''),(202,'Adiv',NULL,NULL,'Adiv',NULL,'2018-02-23','0','United States',''),(203,'Caleb',NULL,NULL,'Caleb',NULL,'2018-02-23','0','United States',''),(204,'Matthew',NULL,NULL,'Matthew',NULL,'2018-02-23','0','United States',''),(205,'Dempsey',NULL,NULL,'Dempsey',NULL,'2018-02-23','0','United States',''),(206,'Ezra',NULL,NULL,'Ezra',NULL,'2018-02-23','0','United States',''),(207,'Joshua',NULL,NULL,'Joshua',NULL,'2018-02-23','0','United States',''),(208,'Westin Flores',NULL,NULL,'Westin',NULL,'2018-02-23','0','United States',''),(209,'Coco',NULL,NULL,'Coco',NULL,'2018-02-23','0','United States',''),(210,'Sophie',NULL,NULL,'Sophie',NULL,'2018-02-23','0','United States',''),(211,'Christian',NULL,NULL,'Christian',NULL,'2018-02-23','0','United States',''),(212,'Moses',NULL,NULL,'Moses',NULL,'2018-02-23','0','United States',''),(213,'Nazir',NULL,NULL,'Nazir',NULL,'2018-02-23','0','United States',''),(214,'Xavi',NULL,NULL,'Xavi',NULL,'2018-02-23','0','United States',''),(215,'London',NULL,NULL,'London',NULL,'2018-02-23','0','United States',''),(216,'Zykee',NULL,NULL,'Zykee',NULL,'2018-02-23','0','United States',''),(217,'Kameron',NULL,NULL,'Kameron',NULL,'2018-02-23','0','United States',''),(218,'Jeffery',NULL,NULL,'Jeffery',NULL,'2018-02-23','0','United States',''),(219,'Jaydin',NULL,NULL,'Jaydin',NULL,'2018-02-23','0','United States',''),(220,'Aida',NULL,NULL,'Aida',NULL,'2018-02-23','0','United States',''),(221,'Graham',NULL,NULL,'Graham',NULL,'2018-02-23','0','United States',''),(222,'Elliot',NULL,NULL,'Elliot',NULL,'2018-02-23','0','United States',''),(223,'Bruce',NULL,NULL,'Bruce',NULL,'2018-02-23','0','United States',''),(224,'Felix',NULL,NULL,'Felix',NULL,'2018-02-23','0','United States',''),(225,'Royce',NULL,NULL,'Royce',NULL,'2018-02-23','0','United States',''),(226,'Simone',NULL,NULL,'Simone',NULL,'2018-02-23','0','United States',''),(227,'Jaydin',NULL,NULL,'Jaydin',NULL,'2018-02-23','0','United States',''),(228,'Zoe',NULL,NULL,'Zoe',NULL,'2018-02-23','0','United States',''),(229,'Jack',NULL,NULL,'Jack',NULL,'2018-02-23','0','United States',''),(230,'Rachel',NULL,NULL,'Rachel',NULL,'2018-02-23','0','United States',''),(231,'Jonah',NULL,NULL,'Jonah',NULL,'2018-02-23','0','United States',''),(232,'Enzo',NULL,NULL,'Enzo',NULL,'2018-03-17','0','United States',''),(233,'Sean',NULL,NULL,'Sean',NULL,'2018-03-17','0','United States',''),(234,'Caden',NULL,NULL,'Caden',NULL,'2018-03-17','0','United States',''),(235,'Lucas',NULL,NULL,'Lucas',NULL,'2018-03-17','0','United States',''),(236,'Jordan',NULL,NULL,'Kid Xtreme',NULL,'2018-03-17','0','United States',''),(237,'Azai',NULL,NULL,'Azai',NULL,'2018-03-17','0','United States',''),(238,'Berry',NULL,NULL,'Berry',NULL,'2018-03-17','0','United States',''),(239,'Nazir',NULL,NULL,'Nazir',NULL,'2018-03-17','0','United States',''),(240,'Bboy Z',NULL,NULL,'bboy z',NULL,'2018-03-17','0','United States',''),(241,'Valentino',NULL,NULL,'Valentino',NULL,'2018-03-17','0','United States',''),(242,'Bboy Gaia',NULL,NULL,'Bboy Gaia',NULL,'2018-03-17','0','United States',''),(243,'Benihana',NULL,NULL,'Benihana',NULL,'2018-03-17','0','United States',''),(244,'Kenneth',NULL,NULL,'Bboy Native',NULL,'2018-03-17','0','United States',''),(245,'Bryan',NULL,NULL,'Bryan',NULL,'2018-03-17','0','United States',''),(246,'Christopher',NULL,NULL,'Christopher',NULL,'2018-03-17','0','United States',''),(247,'Gustavo',NULL,NULL,'Bboy Morph',NULL,'2018-03-17','0','United States',''),(248,'David Lyles',NULL,NULL,'David Lyles',NULL,'2018-03-17','0','United States',''),(249,'Devin Lyles',NULL,NULL,'Bboy Amiin',NULL,'2018-03-17','0','United States',''),(250,'Brandon Naguit',NULL,NULL,'Brandon',NULL,'2018-03-17','0','United States',''),(251,'Lucas Loretta (Lukey)',NULL,NULL,'Lukey',NULL,'03-17-2018','0','United States',''),(252,'Noure Vilela',NULL,NULL,'Noure',NULL,'03-17-2018','0','United States',''),(253,'Bboy Doug',NULL,NULL,'Bboy Doug',NULL,'03-17-2018','0','United States',''),(254,'Bboy Kong',NULL,NULL,'Bboy Kong',NULL,'03-17-2018','0','United States',''),(255,'Knice',NULL,NULL,'Knice',NULL,'03-17-2018','0','United States',''),(256,'Bboy Dizzy',NULL,NULL,'Bboy Dizzy',NULL,'03-17-2018','0','United States',''),(257,'Jayden',NULL,NULL,'Jayden Centeno',NULL,'03-17-2018','0','United States',''),(258,'Raiden',NULL,NULL,'Raiden',NULL,'03-17-2018','0','United States',''),(259,'Sofia Tanaka',NULL,NULL,'Sofia Tanaka',NULL,'03-17-2018','0','United States',''),(260,'Bboy Fuzion',NULL,NULL,'Bboy Fuzion',NULL,'03-17-2018','0','United States',''),(261,'Isaac',NULL,NULL,'Isaac',NULL,'2018-03-19','0','United States',''),(262,'Evan',NULL,NULL,'Evan',NULL,'2018-03-19','0','United States',''),(263,'Competitor 1',NULL,NULL,'Competitor 1',NULL,'2018-03-28','0','United States',''),(264,'Competitor 2',NULL,NULL,'competitor 2',NULL,'2018-03-28','0','United States',''),(265,'Freddi',NULL,NULL,'Freddi',NULL,'2018-03-28','0','United States',''),(266,'Frankie',NULL,NULL,'Frankie',NULL,'2018-03-28','0','United States','');
/*!40000 ALTER TABLE `participant` ENABLE KEYS */;
UNLOCK TABLES;

--
-- Table structure for table `password_resets`
--

DROP TABLE IF EXISTS `password_resets`;
/*!40101 SET @saved_cs_client     = @@character_set_client */;
/*!40101 SET character_set_client = utf8 */;
CREATE TABLE `password_resets` (
  `email` varchar(255) COLLATE utf8mb4_unicode_ci NOT NULL,
  `token` varchar(255) COLLATE utf8mb4_unicode_ci NOT NULL,
  `created_at` timestamp NULL DEFAULT NULL,
  KEY `password_resets_email_index` (`email`),
  KEY `password_resets_token_index` (`token`)
) ENGINE=InnoDB DEFAULT CHARSET=utf8mb4 COLLATE=utf8mb4_unicode_ci;
/*!40101 SET character_set_client = @saved_cs_client */;

--
-- Dumping data for table `password_resets`
--

LOCK TABLES `password_resets` WRITE;
/*!40000 ALTER TABLE `password_resets` DISABLE KEYS */;
/*!40000 ALTER TABLE `password_resets` ENABLE KEYS */;
UNLOCK TABLES;

--
-- Table structure for table `scores`
--

DROP TABLE IF EXISTS `scores`;
/*!40101 SET @saved_cs_client     = @@character_set_client */;
/*!40101 SET character_set_client = utf8 */;
CREATE TABLE `scores` (
  `id` int(10) unsigned NOT NULL AUTO_INCREMENT,
  `judgeId` varchar(255) COLLATE utf8mb4_unicode_ci NOT NULL,
  `participantId` varchar(255) COLLATE utf8mb4_unicode_ci NOT NULL,
  `matchId` varchar(255) COLLATE utf8mb4_unicode_ci NOT NULL,
  `score` varchar(255) COLLATE utf8mb4_unicode_ci NOT NULL,
  `teamId` varchar(11) COLLATE utf8mb4_unicode_ci DEFAULT NULL,
  `competitionId` int(11) DEFAULT NULL,
  `roundNo` int(11) DEFAULT NULL,
  PRIMARY KEY (`id`)
) ENGINE=InnoDB AUTO_INCREMENT=1824 DEFAULT CHARSET=utf8mb4 COLLATE=utf8mb4_unicode_ci;
/*!40101 SET character_set_client = @saved_cs_client */;

--
-- Dumping data for table `scores`
--

LOCK TABLES `scores` WRITE;
/*!40000 ALTER TABLE `scores` DISABLE KEYS */;
INSERT INTO `scores` VALUES (1,'19','114','1','37','57',1,1),(2,'19','30','465','22','15',10,1),(3,'19','78','6','3','39',1,1),(4,'19','112','11','30','56',1,1),(5,'19','106','11','30','53',1,1),(6,'19','56','16','1','28',1,1),(7,'19','147','552','1','138',11,2),(8,'19','148','552','28','138',11,2),(9,'19','140','552','41','134',11,2),(10,'19','42','553','1','21',12,1),(11,'19','40','553','3','20',12,1),(12,'19','6','554','30','3',12,1),(13,'19','74','554','6','37',12,1),(14,'19','32','555','2','16',12,1),(15,'19','10','555','12','5',12,1),(16,'19','56','556','4','28',12,1),(17,'19','84','556','11','42',12,1),(18,'19','30','557','26','15',12,1),(19,'19','50','557','14','25',12,1),(20,'19','40','584','28','20',12,2),(21,'19','96','584','20','48',12,2),(22,'19','6','616','11','3',13,2),(23,'19','34','616','9','17',13,2),(24,'19','74','617','2','37',13,2),(25,'19','62','617','8','31',13,2),(26,'19','52','740','3','26',17,1),(27,'19','124','740','5','62',17,1),(28,'19','74','741','9','37',17,1),(29,'19','28','741','27','14',17,1),(30,'19','128','742','14','64',17,1),(31,'19','88','742','26','44',17,1),(32,'19','8','744','23','4',17,1),(33,'19','86','744','22','43',17,1),(34,'19','14','743','35','7',17,1),(35,'19','68','743','27','34',17,1),(36,'19','20','746','36','10',17,1),(37,'19','108','746','29','54',17,1),(38,'19','62','747','9','31',17,1),(39,'19','26','747','19','13',17,1),(40,'19','82','749','11','41',17,1),(41,'19','122','749','20','61',17,1),(42,'19','64','753','23','32',17,1),(43,'19','28','771','8','14',17,2),(44,'19','88','772','8','44',17,2),(45,'19','20','772','8','10',17,2),(46,'19','14','773','18','7',17,2),(47,'19','94','773','10','47',17,2),(48,'19','8','774','12','4',17,2),(49,'19','114','774','19','57',17,2),(50,'19','20','775','21','10',17,2),(51,'19','88','775','30','44',17,2),(52,'19','26','776','70','13',17,2),(53,'19','10','948','8','5',21,5),(55,'19','102','980','10','51',22,2),(56,'19','118','981','21','59',22,2),(57,'19','36','981','34','18',22,2),(58,'19','98','982','0','49',22,2),(59,'19','94','982','29','47',22,2),(60,'19','120','986','3','60',22,2),(61,'19','28','986','15','14',22,2),(62,'19','6','948','4','3',21,5),(65,'19','80','983','12','40',22,2),(66,'19','12','983','12','6',22,2),(67,'19','8','980','801','4',22,2),(68,'19','110','984','12','55',22,2),(69,'19','52','984','21','26',22,2),(70,'19','96','985','3','48',22,2),(71,'19','24','985','19','12',22,2),(72,'19','114','987','29','57',22,2),(73,'19','54','987','22','27',22,2),(74,'19','40','1023','30','20',23,2),(75,'19','128','1023','9','64',23,2),(76,'19','74','1024','21','37',23,2),(77,'19','72','1024','60','36',23,2),(78,'19','39','1035','0.0','84',24,1),(822,'28','185','3400','22','298',108,1),(823,'28','196','3400','26','303',108,1),(824,'26','196','3400','41','303',108,1),(825,'27','196','3400','4.0','303',108,1),(826,'27','185','3400','7.0','298',108,1),(827,'27','186','3400','10.0','298',108,1),(828,'26','185','3400','32.0','298',108,1),(829,'28','207','3400','14.0','303',108,1),(830,'27','207','3400','10.0','303',108,1),(831,'26','207','3400','20.0','303',108,1),(832,'28','186','3400','7.0','298',108,1),(833,'26','186','3400','22.0','298',108,1),(834,'27','190','3411','4.0','299',107,1),(835,'28','190','3411','12.0','299',107,1),(836,'26','190','3411','12.0','299',107,1),(837,'28','224','3411','16','320',107,1),(838,'27','224','3411','6.0','320',107,1),(839,'26','224','3411','11.0','320',107,1),(840,'27','189','3411','9.0','299',107,1),(841,'26','189','3411','12.0','299',107,1),(842,'28','189','3411','9.0','299',107,1),(843,'27','221','3411','2.0','320',107,1),(844,'26','221','3411','9.0','320',107,1),(845,'28','192','3412','15.0','300',107,1),(846,'27','192','3412','13.0','300',107,1),(847,'26','192','3412','22.0','300',107,1),(848,'27','210','3412','11.0','322',107,1),(849,'28','210','3412','21.0','322',107,1),(850,'26','210','3412','19.0','322',107,1),(851,'27','206','3412','18.0','300',107,1),(852,'28','206','3412','18.0','300',107,1),(853,'26','206','3412','25.0','300',107,1),(854,'28','226','3412','15.0','322',107,1),(855,'27','226','3412','11.0','322',107,1),(856,'26','226','3412','21.0','322',107,1),(857,'28','214','3413','6.0','316',107,1),(858,'27','214','3413','7.0','316',107,1),(859,'26','214','3413','13.0','316',107,1),(860,'28','199','3413','16.0','305',107,1),(861,'27','202','3413','15.0','305',107,1),(862,'26','202','3413','17.0','305',107,1),(863,'28','216','3413','9.0','316',107,1),(864,'27','216','3413','7.0','316',107,1),(865,'26','216','3413','7.0','316',107,1),(866,'28','202','3413','17.0','305',107,1),(867,'27','199','3413','17.0','305',107,1),(868,'26','199','3413','18.0','305',107,1),(869,'27','193','3414','5.0','301',107,1),(870,'28','193','3414','5.0','301',107,1),(871,'26','193','3414','6.0','301',107,1),(872,'28','195','3414','6.0','302',107,1),(873,'27','195','3414','3.0','302',107,1),(874,'26','195','3414','6.0','302',107,1),(875,'27','209','3414','5.0','301',107,1),(876,'28','209','3414','7.0','301',107,1),(877,'26','209','3414','7.0','301',107,1),(878,'27','194','3414','5.0','302',107,1),(879,'28','194','3414','5.0','302',107,1),(880,'26','194','3414','9.0','302',107,1),(881,'27','187','3415','4.0','324',107,1),(882,'28','187','3415','5.0','324',107,1),(883,'26','187','3415','7.0','324',107,1),(884,'28','231','3415','6.0','325',107,1),(885,'27','231','3415','10.0','325',107,1),(886,'26','231','3415','10.0','325',107,1),(887,'28','185','3415','7.0','324',107,1),(888,'27','185','3415','14.0','324',107,1),(889,'26','185','3415','12.0','324',107,1),(890,'28','230','3415','6.0','325',107,1),(891,'27','230','3415','6.0','325',107,1),(892,'26','230','3415','5.0','325',107,1),(893,'27','207','3416','3.0','303',107,1),(894,'28','207','3416','3.0','303',107,1),(895,'26','207','3416','5.0','303',107,1),(896,'27','208','3416','11.0','321',107,1),(897,'28','208','3416','12.0','321',107,1),(898,'26','208','3416','11.0','321',107,1),(899,'28','196','3416','10.0','303',107,1),(900,'27','196','3416','13.0','303',107,1),(901,'26','196','3416','11.0','303',107,1),(902,'26','225','3416','12.0','321',107,1),(903,'27','225','3416','12.0','321',107,1),(904,'28','225','3416','11.0','321',107,1),(905,'27','205','3417','19.0','304',107,1),(906,'28','197','3417','7.0','304',107,1),(907,'26','197','3417','13.0','304',107,1),(908,'26','196','3417','1.0','309',107,1),(909,'28','196','3417','1.0','309',107,1),(910,'27','196','3417','1.0','309',107,1),(911,'27','197','3417','14.0','304',107,1),(912,'28','205','3417','8.0','304',107,1),(913,'26','205','3417','15.0','304',107,1),(914,'28','204','3417','1.0','309',107,1),(915,'26','204','3417','1.0','309',107,1),(916,'27','204','3417','1.0','309',107,1),(917,'28','228','3418','11.0','323',107,1),(918,'27','228','3418','14.0','323',107,1),(919,'26','228','3418','10.0','323',107,1),(920,'26','186','3418','16.0','298',107,1),(921,'28','186','3418','12.0','298',107,1),(922,'27','186','3418','10.0','298',107,1),(923,'26','219','3418','12.0','323',107,1),(924,'28','219','3418','9.0','323',107,1),(925,'27','219','3418','16.0','323',107,1),(926,'28','185','3418','9.0','298',107,1),(927,'27','185','3418','9.0','298',107,1),(928,'26','185','3418','13.0','298',107,1),(929,'28','212','3419','10.0','314',107,1),(930,'27','212','3419','10.0','314',107,1),(931,'26','212','3419','17.0','314',107,1),(932,'28','186','3419','1.0','313',107,1),(933,'26','186','3419','1.0','313',107,1),(934,'27','186','3419','1.0','313',107,1),(935,'28','198','3419','8.0','314',107,1),(936,'27','198','3419','11.0','314',107,1),(937,'26','198','3419','12.0','314',107,1),(938,'28','208','3419','1.0','313',107,1),(939,'26','208','3419','1.0','313',107,1),(940,'27','208','3419','1.0','313',107,1),(941,'28','220','3420','9.0','318',107,1),(942,'27','220','3420','9.0','318',107,1),(943,'26','220','3420','10.0','318',107,1),(944,'26','217','3420','23.0','317',107,1),(945,'28','217','3420','26','317',107,1),(946,'27','217','3420','24.0','317',107,1),(947,'28','188','3420','3.0','318',107,1),(948,'27','188','3420','11.0','318',107,1),(949,'26','188','3420','8.0','318',107,1),(950,'28','218','3420','16.0','317',107,1),(951,'27','218','3420','18.0','317',107,1),(952,'26','218','3420','17.0','317',107,1),(953,'28','222','3421','16','319',107,1),(954,'27','222','3421','11.0','319',107,1),(955,'26','222','3421','14.0','319',107,1),(956,'28','203','3421','10.0','306',107,1),(957,'27','203','3421','9.0','306',107,1),(958,'26','203','3421','9.0','306',107,1),(959,'28','223','3421','12.0','319',107,1),(960,'27','223','3421','15.0','319',107,1),(961,'26','223','3421','19.0','319',107,1),(962,'28','200','3421','16.0','306',107,1),(963,'26','200','3421','17.0','306',107,1),(964,'27','200','3421','15.0','306',107,1),(965,'28','217','3426','28','317',109,1),(966,'26','217','3426','33','317',109,1),(967,'27','217','3426','41','317',109,1),(968,'28','197','3426','18','304',109,1),(969,'27','197','3426','18','304',109,1),(970,'26','197','3426','17','304',109,1),(971,'28','218','3426','27','317',109,1),(972,'27','218','3426','35','317',109,1),(973,'26','218','3426','26','317',109,1),(974,'26','205','3426','23','304',109,1),(975,'27','205','3426','17','304',109,1),(976,'28','205','3426','16','304',109,1),(977,'28','222','3427','23','319',109,1),(978,'26','222','3427','26','319',109,1),(979,'27','222','3427','15','319',109,1),(980,'27','198','3427','23','314',109,1),(981,'28','198','3427','22','314',109,1),(982,'26','198','3427','25','314',109,1),(983,'28','223','3427','17','319',109,1),(984,'26','223','3427','32','319',109,1),(985,'27','223','3427','18','319',109,1),(986,'28','212','3427','24','314',109,1),(987,'26','212','3427','34','314',109,1),(988,'27','212','3427','27','314',109,1),(989,'27','206','3428','34','300',109,1),(990,'26','206','3428','42','300',109,1),(991,'28','206','3428','32','300',109,1),(992,'28','202','3428','28','305',109,1),(993,'27','202','3428','38','305',109,1),(994,'26','202','3428','30','305',109,1),(995,'28','192','3428','31','300',109,1),(996,'26','192','3428','41','300',109,1),(997,'27','192','3428','37','300',109,1),(998,'28','199','3428','33','305',109,1),(999,'27','199','3428','32','305',109,1),(1000,'26','199','3428','41','305',109,1),(1001,'27','228','3429','36','323',109,1),(1002,'26','228','3429','34','323',109,1),(1003,'28','228','3429','30','323',109,1),(1004,'28','226','3429','29','322',109,1),(1005,'27','210','3429','54','322',109,1),(1006,'26','226','3429','34','322',109,1),(1007,'28','219','3429','21','323',109,1),(1008,'26','219','3429','23','323',109,1),(1009,'27','219','3429','25','323',109,1),(1010,'28','210','3429','34','322',109,1),(1011,'26','210','3429','38','322',109,1),(1012,'27','226','3429','17.0','322',109,1),(1013,'27','198','3430','20','314',110,1),(1014,'26','198','3430','23','314',110,1),(1015,'28','198','3430','22','314',110,1),(1016,'28','192','3430','26','300',110,1),(1017,'27','192','3430','23','300',110,1),(1018,'26','192','3430','56','300',110,1),(1019,'28','212','3430','30','314',110,1),(1020,'27','212','3430','28','314',110,1),(1021,'26','212','3430','34','314',110,1),(1022,'28','206','3430','30','300',110,1),(1023,'27','206','3430','32','300',110,1),(1024,'26','206','3430','43','300',110,1),(1025,'28','210','3431','36','322',110,1),(1026,'27','210','3431','25','322',110,1),(1027,'26','210','3431','35','322',110,1),(1028,'28','218','3431','40','317',110,1),(1029,'26','217','3431','38','317',110,1),(1030,'27','217','3431','38','317',110,1),(1031,'28','226','3431','31','322',110,1),(1032,'27','226','3431','23','322',110,1),(1033,'26','226','3431','30','322',110,1),(1034,'26','218','3431','29','317',110,1),(1035,'27','218','3431','34','317',110,1),(1036,'28','217','3431','19.0','317',110,1),(1037,'27','211','3432','17','307',111,1),(1038,'28','211','3432','19','307',111,1),(1039,'26','211','3432','28','307',111,1),(1040,'28','215','3432','27','315',111,1),(1041,'27','215','3432','24','315',111,1),(1042,'26','215','3432','33','315',111,1),(1043,'28','192','3433','29','300',112,1),(1044,'27','192','3433','25','300',112,1),(1045,'26','192','3433','40','300',112,1),(1046,'28','217','3433','31','317',112,1),(1047,'26','217','3433','35','317',112,1),(1048,'27','217','3433','37','317',112,1),(1049,'26','206','3433','42','300',112,1),(1050,'28','206','3433','29','300',112,1),(1051,'27','206','3433','28','300',112,1),(1052,'28','218','3433','25','317',112,1),(1053,'26','218','3433','34','317',112,1),(1054,'27','218','3433','30','317',112,1),(1055,'19','193','3434','18.0','301',114,1),(1056,'19','209','3434','24.0','301',114,1),(1057,'19','199','3434','29.0','305',114,1),(1058,'19','202','3434','25.0','305',114,1),(1059,'19','221','3435','25.0','320',114,1),(1060,'19','224','3435','24.0','320',114,1),(1061,'19','204','3435','24.0','309',114,1),(1062,'19','196','3435','24.0','309',114,1),(1063,'19','185','3436','24.0','308',114,1),(1064,'19','189','3436','30.0','299',114,1),(1065,'19','190','3436','20.0','308',114,1),(1066,'19','222','3437','19.0','319',114,1),(1067,'19','223','3437','19.0','319',114,1),(1068,'19','192','3437','22.0','300',114,1),(1069,'19','206','3437','23.0','300',114,1),(1070,'19','198','3438','41','314',114,1),(1071,'19','212','3438','43','314',114,1),(1072,'19','208','3438','21.0','321',114,1),(1073,'19','225','3438','20.0','321',114,1),(1074,'19','230','3439','19.0','325',114,1),(1075,'19','231','3439','3.0','325',114,1),(1076,'19','203','3439','9.0','306',114,1),(1077,'19','188','3440','14.0','312',114,1),(1078,'19','194','3440','4.0','312',114,1),(1079,'19','186','3440','10.0','298',114,1),(1080,'19','196','3441','9.0','303',114,1),(1081,'19','207','3441','8.0','303',114,1),(1082,'19','220','3441','8.0','318',114,1),(1083,'19','188','3441','4.0','318',114,1),(1084,'19','219','3442','5.0','323',114,1),(1085,'19','228','3442','4.0','323',114,1),(1086,'19','195','3442','8.0','302',114,1),(1087,'19','194','3442','5.0','302',114,1),(1088,'19','187','3443','17.0','324',114,1),(1089,'19','185','3443','7.0','324',114,1),(1090,'19','216','3443','6.0','316',114,1),(1091,'19','214','3443','5.0','316',114,1),(1093,'19','218','3444','23','317',114,1),(1094,'19','217','3444','50','317',114,1),(1095,'19','197','3445','78','304',114,1),(1096,'19','205','3445','69','304',114,1),(1097,'19','186','3444','50','313',114,1),(1098,'19','208','3444','52','313',114,1),(1099,'19','210','3445','61','322',114,1),(1100,'19','226','3445','69','322',114,1),(1101,'19','205','3446','22.0','304',114,2),(1102,'19','197','3446','30.0','304',114,2),(1103,'19','196','3446','30.0','309',114,2),(1104,'19','204','3446','30.0','309',114,2),(1105,'19','218','3447','15.0','317',114,2),(1106,'19','198','3447','30.0','314',114,2),(1107,'19','212','3447','29.0','314',114,2),(1108,'19','210','3448','30.0','322',114,2),(1109,'19','226','3448','120','322',114,2),(1110,'19','224','3448','30.0','320',114,2),(1111,'19','221','3448','78','320',114,2),(1112,'19','199','3449','90','305',114,2),(1113,'19','208','3449','30.0','313',114,2),(1114,'19','186','3449','145','313',114,2),(1115,'19','196','3450','29.0','309',114,3),(1116,'19','204','3450','67','309',114,3),(1117,'19','212','3450','19.0','314',114,3),(1118,'19','210','3451','26.0','322',114,3),(1119,'19','226','3451','24.0','322',114,3),(1120,'19','186','3451','25.0','313',114,3),(1121,'19','208','3451','20.0','313',114,3),(1122,'19','196','3452','56','309',114,4),(1123,'19','204','3452','84','309',114,4),(1124,'19','196','3453','29.0','309',115,1),(1125,'19','204','3453','29.0','309',115,1),(1126,'19','195','3453','150','302',115,1),(1127,'19','194','3453','58','302',115,1),(1128,'19','200','3454','30.0','306',115,1),(1129,'19','203','3454','390','306',115,1),(1130,'19','226','3452','120','322',114,4),(1131,'19','210','3452','360','322',114,4),(1132,'19','203','3465','30.0','306',115,2),(1133,'19','194','3465','27.0','302',115,2),(1134,'19','195','3465','108','302',115,2),(1135,'27','208','3492','3.0','321',119,1),(1136,'27','225','3492','3.0','321',119,1),(1137,'27','186','3492','5.0','298',119,1),(1138,'19','194','3491','14','302',119,1),(1139,'19','195','3491','5.0','302',119,1),(1140,'19','188','3491','11.0','312',119,1),(1141,'19','210','3493','20.0','322',119,1),(1142,'19','226','3493','10.0','322',119,1),(1143,'19','206','3493','20.0','300',119,1),(1144,'19','192','3493','18.0','300',119,1),(1145,'19','193','3494','2.0','301',119,1),(1146,'19','190','3494','5.0','308',119,1),(1147,'19','196','3495','16.0','303',119,1),(1148,'19','197','3495','5.0','304',119,1),(1149,'19','196','3496','4.0','309',119,1),(1150,'19','186','3496','11.0','298',119,1),(1151,'19','199','3497','5.0','305',119,1),(1152,'19','190','3497','19.0','299',119,1),(1153,'19','186','3498','16.0','313',119,1),(1154,'19','217','3498','11.0','317',119,1),(1155,'19','230','3499','11.0','325',119,1),(1156,'19','231','3499','2.0','325',119,1),(1157,'19','185','3499','12.0','324',119,1),(1158,'19','187','3499','5.0','324',119,1),(1159,'19','200','3500','22','306',119,1),(1160,'19','224','3500','12.0','320',119,1),(1161,'19','203','3500','3.0','306',119,1),(1162,'19','188','3501','12.0','318',119,1),(1163,'19','220','3501','6.0','318',119,1),(1164,'19','216','3501','5.0','316',119,1),(1165,'19','214','3501','9.0','316',119,1),(1166,'19','198','3502','4.0','314',119,1),(1167,'19','212','3502','4.0','314',119,1),(1168,'19','228','3502','7.0','323',119,1),(1169,'19','219','3502','12.0','323',119,1),(1170,'19','198','3503','4.0','314',119,2),(1171,'19','185','3503','5.0','324',119,2),(1172,'19','189','3504','21','299',119,2),(1173,'19','195','3504','18.0','302',119,2),(1174,'19','210','3505','20.0','322',119,2),(1175,'19','220','3505','20.0','318',119,2),(1176,'19','188','3505','3.0','318',119,2),(1177,'19','219','3506','4.0','323',119,2),(1178,'19','203','3506','4.0','306',119,2),(1179,'19','228','3506','2.0','323',119,2),(1180,'19','192','3510','348','300',122,1),(1181,'19','206','3510','50.0','300',122,1),(1182,'19','230','3510','44.0','325',122,1),(1183,'19','190','3511','330','333',122,1),(1184,'19','203','3511','60','333',122,1),(1185,'19','208','3511','50.0','321',122,1),(1186,'19','225','3511','94','321',122,1),(1187,'19','222','3512','235','319',122,1),(1188,'19','223','3512','150','319',122,1),(1189,'19','198','3512','50','328',122,1),(1190,'19','211','3512','50.0','328',122,1),(1191,'19','218','3513','350','317',122,1),(1192,'19','208','3513','100','313',122,1),(1193,'19','217','3513','25.0','317',122,1),(1194,'19','186','3513','33','313',122,1),(1195,'19','218','3514','350','330',122,1),(1196,'19','204','3514','20.0','330',122,1),(1197,'19','214','3514','48.0','316',122,1),(1198,'19','216','3514','50.0','316',122,1),(1199,'19','194','3515','350','302',122,1),(1200,'19','198','3527','1.0','314',123,1),(1201,'19','205','3527','2.0','335',123,1),(1202,'19','208','3528','3.0','321',123,1),(1203,'19','188','3528','4.0','318',123,1),(1204,'19','182','3529','5.0','329',123,1),(1205,'19','204','3529','6.0','309',123,1),(1206,'19','198','3530','7.0','328',123,1),(1207,'19','230','3530','8.0','325',123,1),(1208,'19','220','3531','9.0','326',123,1),(1209,'19','190','3531','10.0','332',123,1),(1210,'19','218','3532','11.0','317',123,1),(1211,'19','204','3532','12.0','330',123,1),(1212,'19','192','3533','13.0','300',123,1),(1213,'19','188','3533','14.0','327',123,1),(1214,'19','214','3534','15.0','316',123,1),(1215,'19','195','3534','16.0','302',123,1),(1216,'19','185','3535','17.0','308',123,1),(1217,'19','205','3535','18.0','331',123,1),(1218,'19','205','3536','19.0','304',123,1),(1219,'19','203','3536','20.0','333',123,1),(1220,'19','186','3537','21.0','313',123,1),(1221,'19','190','3537','22.0','299',123,1),(1222,'19','185','3538','23.0','298',123,1),(1223,'19','226','3538','24.0','322',123,1),(1224,'19','221','3539','25.0','320',123,1),(1225,'19','228','3539','25.0','323',123,1),(1226,'19','219','3539','1.0','323',123,1),(1227,'19','187','3540','27.0','324',123,1),(1228,'19','194','3540','28.0','312',123,1),(1229,'19','193','3541','29.0','301',123,1),(1230,'19','223','3541','30.0','319',123,1),(1231,'19','206','3542','31.0','334',123,1),(1232,'19','202','3542','32.0','305',123,1),(1233,'19','196','3543','33.0','303',123,1),(1234,'19','203','3543','34.0','306',123,1),(1235,'19','192','3548','1.0','300',124,1),(1236,'19','190','3548','2.0','299',124,1),(1237,'19','218','3549','3.0','317',124,1),(1238,'19','224','3549','4.0','320',124,1),(1239,'19','189','3550','5.0','332',124,1),(1240,'19','197','3550','6.0','304',124,1),(1241,'19','185','3551','7.0','298',124,1),(1242,'19','203','3551','8.0','333',124,1),(1243,'19','219','3552','9.0','323',124,1),(1244,'19','204','3552','10.0','330',124,1),(1245,'19','182','3553','11.0','329',124,1),(1246,'19','195','3553','12.0','302',124,1),(1247,'19','205','3554','13.0','331',124,1),(1248,'19','226','3554','14.0','322',124,1),(1249,'19','214','3555','14.0','316',124,1),(1250,'19','203','3555','15.0','327',124,1),(1251,'19','199','3595','20','305',127,1),(1252,'19','198','3596','30.0','328',127,1),(1253,'19','219','3597','30.0','323',127,1),(1254,'19','210','3633','5.0','322',127,2),(1255,'19','194','3633','10.0','312',127,2),(1256,'19','218','3634','5.0','317',127,2),(1257,'19','206','3634','6.0','300',127,2),(1258,'19','196','3635','9.0','309',127,2),(1259,'19','190','3635','6.0','308',127,2),(1260,'19','189','3640','1.0','299',129,1),(1261,'19','188','3640','2.0','318',129,1),(1262,'19','210','3641','3.0','322',129,1),(1263,'19','194','3641','4.0','302',129,1),(1264,'19','205','3642','5.0','304',129,1),(1265,'19','231','3642','6.0','325',129,1),(1266,'19','187','3643','7.0','324',129,1),(1267,'19','214','3643','8.0','316',129,1),(1268,'19','192','3644','9.0','300',129,1),(1269,'19','185','3644','10.0','298',129,1),(1270,'19','196','3645','11.0','303',129,1),(1271,'19','217','3645','12.0','317',129,1),(1272,'19','199','3646','13.0','305',129,1),(1273,'19','212','3646','14.0','314',129,1),(1274,'19','221','3647','15.0','320',129,1),(1275,'19','225','3647','16.0','321',129,1),(1276,'19','193','3648','17.0','301',129,1),(1277,'19','223','3648','18.0','319',129,1),(1278,'19','200','3649','19.0','306',129,1),(1279,'19','228','3649','20.0','323',129,1),(1280,'19','219','3650','7.0','323',129,2),(1281,'19','202','3650','9.0','305',129,2),(1282,'19','200','3652','10.0','306',129,2),(1283,'19','212','3652','7.0','314',129,2),(1362,'19','185','4186','14.0','308',160,1),(1363,'19','186','4186','12.0','329',160,1),(1364,'19','190','4186','9.0','308',160,1),(1365,'19','182','4186','28','329',160,1),(1366,'19','189','4187','16.0','332',160,1),(1367,'19','208','4187','18.0','337',160,1),(1368,'19','190','4187','14.0','332',160,1),(1369,'19','196','4187','51','337',160,1),(1370,'19','205','4189','13.0','331',160,1),(1371,'19','213','4189','12.0','342',160,1),(1372,'19','215','4189','12.0','331',160,1),(1373,'19','238','4189','38','342',160,1),(1374,'19','188','4191','29','327',160,1),(1375,'19','203','4191','12.0','327',160,1),(1376,'19','194','4191','17.0','312',160,1),(1377,'19','198','4193','30','328',160,1),(1378,'19','211','4193','12.0','328',160,1),(1379,'19','220','4193','15.0','326',160,1),(1380,'19','186','4184','36','313',160,1),(1381,'19','182','4184','60','311',160,1),(1382,'19','208','4184','113','313',160,1),(1383,'19','181','4184','168','311',160,1),(1384,'19','218','4194','9.0','330',160,1),(1385,'19','204','4194','8.0','330',160,1),(1386,'19','206','4188','10.0','334',160,1),(1387,'19','203','4188','15.0','333',160,1),(1388,'19','236','4190','8.0','341',160,1),(1389,'19','202','4190','7.0','335',160,1),(1390,'33','257','4198','8.0','359',155,1),(1391,'32','257','4198','10.0','359',155,1),(1392,'31','257','4198','5.0','359',155,1),(1393,'32','251','4198','5.0','350',155,1),(1394,'33','251','4198','11.0','350',155,1),(1395,'31','251','4198','2.0','350',155,1),(1396,'32','246','4198','9.0','359',155,1),(1397,'33','246','4198','8.0','359',155,1),(1398,'31','246','4198','3.0','359',155,1),(1399,'33','244','4198','11.0','350',155,1),(1400,'32','244','4198','11.0','350',155,1),(1401,'31','244','4198','4','350',155,1),(1402,'31','213','4199','5.0','342',155,1),(1403,'32','213','4199','13.0','342',155,1),(1404,'33','213','4199','11.0','342',155,1),(1405,'31','245','4199','2.0','360',155,1),(1406,'33','245','4199','8.0','360',155,1),(1407,'32','245','4199','6.0','360',155,1),(1408,'33','238','4199','9.0','342',155,1),(1409,'31','238','4199','1.0','342',155,1),(1410,'32','238','4199','8.0','342',155,1),(1411,'31','258','4199','3.0','360',155,1),(1412,'33','258','4199','8.0','360',155,1),(1413,'32','258','4199','9.0','360',155,1),(1414,'31','196','4200','1.0','338',155,1),(1415,'32','196','4200','7.0','338',155,1),(1416,'33','196','4200','10.0','338',155,1),(1417,'31','237','4200','2.0','341',155,1),(1418,'33','237','4200','6.0','341',155,1),(1419,'32','237','4200','8.0','341',155,1),(1420,'33','193','4200','4.0','338',155,1),(1421,'31','193','4200','1.0','338',155,1),(1422,'32','193','4200','1.0','338',155,1),(1423,'33','236','4200','13.0','341',155,1),(1424,'31','236','4200','14.0','341',155,1),(1425,'32','236','4200','17.0','341',155,1),(1426,'33','255','4201','11.0','358',155,1),(1427,'31','256','4201','5.0','358',155,1),(1428,'32','255','4201','15.0','358',155,1),(1429,'33','240','4201','12.0','351',155,1),(1430,'32','240','4201','8.0','351',155,1),(1431,'31','240','4201','3.0','351',155,1),(1432,'33','256','4201','10.0','358',155,1),(1433,'32','256','4201','8.0','358',155,1),(1434,'31','255','4201','6.0','358',155,1),(1435,'31','241','4201','1.0','351',155,1),(1436,'32','241','4201','8.0','351',155,1),(1437,'33','241','4201','8.0','351',155,1),(1438,'32','233','4202','5.0','339',155,1),(1439,'33','233','4202','6.0','339',155,1),(1440,'31','233','4202','1.0','339',155,1),(1441,'33','235','4202','10.0','340',155,1),(1442,'32','235','4202','9.0','340',155,1),(1443,'32','232','4202','4.0','339',155,1),(1444,'33','232','4202','7.0','339',155,1),(1445,'32','234','4202','8.0','340',155,1),(1446,'33','234','4202','13.0','340',155,1),(1447,'31','232','4202','4.0','339',155,1),(1448,'31','234','4202','2.0','340',155,1),(1449,'31','237','4206','6.0','341',155,2),(1450,'32','237','4206','9.0','341',155,2),(1451,'33','237','4206','11.0','341',155,2),(1452,'31','258','4206','1.0','360',155,2),(1453,'33','258','4206','16','360',155,2),(1454,'32','258','4206','1.0','360',155,2),(1455,'33','236','4206','11.0','341',155,2),(1456,'31','236','4206','11.0','341',155,2),(1457,'32','236','4206','9.0','341',155,2),(1458,'32','245','4206','3.0','360',155,2),(1459,'31','245','4206','3.0','360',155,2),(1460,'33','244','4207','11.0','350',155,2),(1461,'31','244','4207','2.0','350',155,2),(1462,'32','244','4207','7.0','350',155,2),(1463,'31','257','4207','1.0','359',155,2),(1464,'33','257','4207','5.0','359',155,2),(1465,'32','257','4207','3.0','359',155,2),(1466,'32','251','4207','3.0','350',155,2),(1467,'33','251','4207','4.0','350',155,2),(1468,'31','251','4207','1.0','350',155,2),(1469,'33','246','4207','8.0','359',155,2),(1470,'31','246','4207','3.0','359',155,2),(1471,'32','246','4207','7.0','359',155,2),(1472,'33','255','4208','16.0','358',155,2),(1473,'31','255','4208','7.0','358',155,2),(1474,'32','255','4208','9.0','358',155,2),(1475,'33','240','4208','10.0','351',155,2),(1476,'32','240','4208','7.0','351',155,2),(1477,'31','240','4208','5.0','351',155,2),(1478,'33','256','4208','13.0','358',155,2),(1479,'31','256','4208','10.0','358',155,2),(1480,'32','256','4208','10.0','358',155,2),(1481,'33','241','4208','8.0','351',155,2),(1482,'31','241','4208','2.0','351',155,2),(1483,'32','241','4208','6.0','351',155,2),(1484,'33','213','4209','8.0','342',155,2),(1485,'32','213','4209','7.0','342',155,2),(1486,'31','213','4209','2.0','342',155,2),(1487,'33','234','4209','11','340',155,2),(1488,'31','234','4209','7','340',155,2),(1489,'32','235','4209','12.0','340',155,2),(1490,'33','235','4209','10.0','340',155,2),(1491,'33','238','4209','9.0','342',155,2),(1492,'32','238','4209','4.0','342',155,2),(1493,'31','238','4209','1.0','342',155,2),(1494,'32','234','4209','8.0','340',155,2),(1495,'33','247','4212','32','345',156,1),(1496,'32','247','4212','33','345',156,1),(1497,'31','247','4212','17','345',156,1),(1498,'33','253','4212','31','352',156,1),(1499,'32','253','4212','25','352',156,1),(1500,'31','253','4212','23','352',156,1),(1501,'33','250','4213','23','348',156,1),(1502,'31','250','4213','14','348',156,1),(1503,'32','250','4213','28','348',156,1),(1504,'33','242','4213','24','343',156,1),(1505,'31','242','4213','7','343',156,1),(1506,'32','242','4213','13','343',156,1),(1507,'31','254','4215','8.0','353',157,1),(1508,'32','254','4215','12.0','353',157,1),(1509,'31','181','4215','1.0','310',157,1),(1510,'32','181','4215','0.0','310',157,1),(1511,'33','254','4215','15.0','353',157,1),(1512,'33','181','4215','2.0','310',157,1),(1513,'33','248','4216','9.0','347',157,1),(1514,'32','248','4216','3.0','347',157,1),(1515,'31','248','4216','3.0','347',157,1),(1516,'31','252','4216','7.0','349',157,1),(1517,'32','252','4216','7.0','349',157,1),(1518,'33','252','4216','11.0','349',157,1),(1519,'31','248','4217','3.0','346',157,1),(1520,'32','248','4217','5.0','346',157,1),(1521,'31','259','4217','5.0','361',157,1),(1522,'32','259','4217','8.0','361',157,1),(1523,'33','248','4217','13.0','346',157,1),(1524,'33','243','4218','9.0','344',157,1),(1525,'31','243','4218','4.0','344',157,1),(1526,'32','243','4218','12.0','344',157,1),(1527,'31','260','4218','11.0','362',157,1),(1528,'33','260','4218','16.0','362',157,1),(1529,'32','260','4218','12.0','362',157,1),(1530,'31','252','4219','6.0','349',157,2),(1531,'33','252','4219','15.0','349',157,2),(1532,'32','252','4219','15.0','349',157,2),(1533,'33','260','4219','17.0','362',157,2),(1534,'31','260','4219','8.0','362',157,2),(1535,'32','260','4219','14.0','362',157,2),(1536,'31','254','4220','7.0','353',157,2),(1537,'32','254','4220','15.0','353',157,2),(1538,'33','254','4220','12.0','353',157,2),(1539,'33','243','4220','8.0','344',157,2),(1540,'32','243','4220','5.0','344',157,2),(1541,'31','243','4220','2.0','344',157,2),(1542,'31','237','4210','5.0','341',155,3),(1543,'33','237','4210','25','341',155,3),(1544,'32','237','4210','9.0','341',155,3),(1545,'31','244','4210','3.0','350',155,3),(1546,'32','244','4210','6.0','350',155,3),(1547,'33','244','4210','7.0','350',155,3),(1548,'33','236','4210','6.0','341',155,3),(1549,'31','236','4210','6.0','341',155,3),(1550,'32','236','4210','14.0','341',155,3),(1551,'33','251','4210','6.0','350',155,3),(1552,'31','251','4210','1.0','350',155,3),(1553,'32','251','4210','5.0','350',155,3),(1554,'32','235','4211','11.0','340',155,3),(1555,'33','235','4211','7.0','340',155,3),(1556,'31','235','4211','2.0','340',155,3),(1557,'32','255','4211','14.0','358',155,3),(1558,'31','255','4211','6.0','358',155,3),(1559,'33','255','4211','12.0','358',155,3),(1560,'32','234','4211','10.0','340',155,3),(1561,'31','234','4211','3.0','340',155,3),(1562,'33','234','4211','11.0','340',155,3),(1563,'31','256','4211','6.0','358',155,3),(1564,'32','256','4211','13.0','358',155,3),(1565,'33','256','4211','11.0','358',155,3),(1566,'33','254','4222','25','353',157,3),(1567,'32','254','4222','24','353',157,3),(1568,'31','254','4222','16','353',157,3),(1569,'32','260','4222','31','362',157,3),(1570,'31','260','4222','22','362',157,3),(1571,'33','260','4222','35','362',157,3),(1572,'31','247','4214','15','345',156,2),(1573,'32','247','4214','30','345',156,2),(1574,'33','247','4214','24','345',156,2),(1575,'31','253','4214','24','352',156,2),(1576,'32','253','4214','31','352',156,2),(1577,'33','253','4214','32','352',156,2),(1578,'33','237','4221','13','341',155,4),(1579,'31','236','4221','23','341',155,4),(1580,'32','237','4221','34','341',155,4),(1581,'33','256','4221','22','358',155,4),(1582,'31','256','4221','6','358',155,4),(1583,'32','256','4221','19','358',155,4),(1584,'33','236','4221','17','341',155,4),(1585,'32','236','4221','35','341',155,4),(1586,'31','255','4221','8','358',155,4),(1587,'32','255','4221','26','358',155,4),(1588,'33','255','4221','20','358',155,4),(1589,'31','237','4221','12.0','341',155,4),(1590,'19','182','4236','38.0','329',163,1),(1591,'19','186','4236','6.0','329',163,1),(1592,'19','194','4236','5.0','312',163,1),(1593,'19','188','4236','5.0','312',163,1),(1594,'19','186','4237','32.0','363',163,1),(1595,'19','190','4237','6.0','363',163,1),(1596,'19','233','4237','7.0','339',163,1),(1597,'19','232','4237','9.0','339',163,1),(1598,'19','238','4238','12.0','342',163,1),(1599,'19','213','4238','6.0','342',163,1),(1600,'19','204','4238','17.0','336',163,1),(1601,'19','206','4238','12.0','336',163,1),(1602,'19','196','4239','7.0','309',163,1),(1603,'19','204','4239','3.0','309',163,1),(1604,'19','256','4239','7.0','358',163,1),(1605,'19','255','4239','8.0','358',163,1),(1606,'19','188','4240','21.0','327',163,1),(1607,'19','203','4240','7.0','327',163,1),(1608,'19','202','4240','6.0','335',163,1),(1609,'19','205','4240','6.0','335',163,1),(1610,'19','245','4241','27.0','360',163,1),(1611,'19','258','4241','23.0','360',163,1),(1612,'19','204','4241','13.0','330',163,1),(1613,'19','218','4241','14.0','330',163,1),(1614,'19','234','4242','11.0','340',163,1),(1615,'19','235','4242','24.0','340',163,1),(1616,'19','198','4242','25.0','326',163,1),(1617,'19','220','4242','35.0','326',163,1),(1618,'19','236','4243','37.0','341',163,1),(1619,'19','237','4243','12.0','341',163,1),(1620,'19','228','4243','24.0','367',163,1),(1621,'19','214','4243','60','367',163,1),(1622,'19','198','4244','200','328',163,1),(1623,'19','211','4244','102','328',163,1),(1624,'19','203','4244','120','333',163,1),(1625,'19','190','4244','123','333',163,1),(1626,'19','208','4245','28.0','365',163,1),(1627,'19','250','4245','29.0','365',163,1),(1628,'19','193','4245','38.0','364',163,1),(1629,'19','204','4245','39.0','364',163,1),(1630,'19','189','4246','33.0','332',163,1),(1631,'19','190','4246','31.0','332',163,1),(1632,'19','246','4246','30.0','359',163,1),(1633,'19','257','4246','10.0','359',163,1),(1634,'19','206','4251','38.0','334',163,1),(1635,'19','220','4251','34.0','334',163,1),(1636,'19','241','4251','21.0','351',163,1),(1637,'19','240','4251','28.0','351',163,1),(1638,'19','196','4250','21.0','337',163,1),(1639,'19','208','4250','33.0','337',163,1),(1640,'19','190','4250','33.0','308',163,1),(1641,'19','185','4250','35.0','308',163,1),(1642,'19','185','4249','49.0','368',163,1),(1643,'19','202','4249','43.0','368',163,1),(1644,'19','251','4249','41.0','350',163,1),(1645,'19','244','4249','37.0','350',163,1),(1646,'19','202','4247','49.0','366',163,1),(1647,'19','186','4247','50.0','366',163,1),(1648,'19','193','4247','44.0','338',163,1),(1649,'19','196','4247','42.0','338',163,1),(1650,'19','186','4248','39.0','313',163,1),(1651,'19','208','4248','39.0','313',163,1),(1652,'19','215','4248','37.0','331',163,1),(1653,'19','205','4248','38.0','331',163,1),(1654,'19','189','4260','30.0','332',164,1),(1655,'19','190','4260','30.0','332',164,1),(1656,'19','204','4260','27.0','330',164,1),(1657,'19','218','4260','27.0','330',164,1),(1658,'19','240','4261','26.0','351',164,1),(1659,'19','204','4261','87','309',164,1),(1660,'19','190','4262','47.0','333',164,1),(1661,'19','193','4262','100','338',164,1),(1662,'19','186','4266','200','313',164,1),(1663,'19','208','4266','100','313',164,1),(1664,'19','203','4266','150','327',164,1),(1665,'19','206','4265','60','336',164,1),(1666,'19','204','4265','50.0','336',164,1),(1667,'19','256','4265','84','358',164,1),(1668,'19','255','4265','20.0','358',164,1),(1669,'19','205','4269','49.0','331',164,1),(1670,'19','215','4269','39.0','331',164,1),(1671,'19','190','4269','45.0','308',164,1),(1672,'19','185','4269','50.0','308',164,1),(1673,'19','198','4268','50.0','328',164,1),(1674,'19','211','4268','43.0','328',164,1),(1675,'19','194','4268','44.0','312',164,1),(1676,'19','182','4267','46.0','329',164,1),(1677,'19','186','4267','42.0','329',164,1),(1678,'19','198','4267','15.0','326',164,1),(1679,'19','244','4263','50.0','350',164,1),(1680,'19','251','4263','8.0','350',164,1),(1681,'19','208','4263','22.0','337',164,1),(1682,'19','196','4263','11.0','337',164,1),(1683,'19','205','4264','44.0','335',164,1),(1684,'19','202','4264','38.0','335',164,1),(1685,'19','220','4264','36.0','334',164,1),(1686,'19','206','4264','47.0','334',164,1),(1687,'19','244','4285','15.0','350',164,2),(1688,'19','208','4278','17.0','313',164,2),(1689,'19','203','4278','10.0','333',164,2),(1698,'19','262','4294','25','370',166,2),(1699,'19','261','4294','22','369',166,2),(1737,'19','218','4321','7','330',171,2),(1738,'32','264','4316','25','372',170,2),(1739,'32','263','4316','18','371',170,2),(1740,'19','188','4321','2','327',171,2),(1741,'19','204','4321','4','330',171,2),(1742,'19','203','4321','7','327',171,2),(1743,'19','189','4324','4.0','332',171,2),(1744,'19','198','4324','1.0','328',171,2),(1745,'19','190','4324','2.0','332',171,2),(1746,'19','211','4324','3.0','328',171,2),(1747,'32','182','4323','6','329',171,2),(1748,'19','182','4323','5.0','329',171,2),(1749,'19','220','4323','5.0','326',171,2),(1750,'32','186','4323','8','329',171,2),(1751,'19','186','4323','1.0','329',171,2),(1752,'19','198','4323','1.0','326',171,2),(1753,'19','205','4322','2.0','331',171,2),(1754,'32','182','4322','6','311',171,2),(1755,'19','181','4322','3.0','311',171,2),(1756,'32','181','4322','9','311',171,2),(1757,'19','215','4322','4.0','331',171,2),(1758,'19','182','4322','3.0','311',171,2),(1759,'19','182','4326','1.0','329',171,3),(1760,'32','182','4326','5','329',171,3),(1761,'32','186','4326','8','329',171,3),(1762,'19','189','4326','2.0','332',171,3),(1763,'19','186','4326','5.0','329',171,3),(1764,'19','190','4326','6.0','332',171,3),(1765,'19','218','4325','1.0','330',171,3),(1766,'32','218','4325','6','330',171,3),(1767,'19','181','4325','6.0','311',171,3),(1768,'32','204','4325','9','330',171,3),(1769,'19','204','4325','3.0','330',171,3),(1770,'19','182','4325','3.0','311',171,3),(1771,'19','182','4327','6','329',171,4),(1772,'32','186','4327','18','329',171,4),(1773,'19','218','4327','2.0','330',171,4),(1774,'32','204','4327','7','330',171,4),(1775,'19','186','4327','4.0','329',171,4),(1776,'32','182','4327','13','329',171,4),(1777,'19','204','4327','7.0','330',171,4),(1778,'32','218','4327','41','330',171,4),(1791,'19','264','4355','30','372',174,2),(1792,'19','263','4355','30','371',174,2),(1793,'19','257','4376','31.0','359',176,1),(1794,'19','237','4376','22.0','341',176,1),(1795,'19','246','4376','15.0','359',176,1),(1796,'19','236','4376','13.0','341',176,1),(1797,'31','234','4377','13','340',176,1),(1798,'31','260','4380','15.0','362',177,1),(1799,'31','259','4380','15.0','361',177,1),(1800,'19','242','4397','1.0','343',178,1),(1801,'19','181','4397','2.0','310',178,1),(1802,'19','264','4398','3.0','372',178,1),(1803,'19','202','4398','4.0','357',178,1),(1804,'19','254','4400','5.0','353',178,1),(1805,'19','250','4400','6.0','348',178,1),(1806,'19','262','4401','8.0','370',178,1),(1807,'19','259','4401','9.0','361',178,1),(1808,'19','252','4402','10.0','349',178,1),(1809,'19','247','4402','11.0','345',178,1),(1810,'19','188','4403','12.0','356',178,1),(1811,'19','248','4403','13.0','346',178,1),(1812,'19','261','4404','14.0','369',178,1),(1813,'19','260','4404','15.0','362',178,1),(1814,'19','243','4405','16.0','344',178,1),(1815,'19','248','4405','17.0','347',178,1),(1816,'19','248','4406','2.0','347',178,2),(1817,'19','242','4406','3.0','343',178,2),(1818,'19','248','4407','10.0','346',178,2),(1819,'19','254','4407','4.0','353',178,2),(1820,'19','240','4394','2.0','351',176,2),(1821,'19','251','4394','2.0','350',176,2),(1822,'19','257','4393','5.0','359',176,2),(1823,'19','256','4393','2.0','358',176,2);
/*!40000 ALTER TABLE `scores` ENABLE KEYS */;
UNLOCK TABLES;

--
-- Table structure for table `sessions`
--

DROP TABLE IF EXISTS `sessions`;
/*!40101 SET @saved_cs_client     = @@character_set_client */;
/*!40101 SET character_set_client = utf8 */;
CREATE TABLE `sessions` (
  `id` varchar(255) COLLATE utf8mb4_unicode_ci NOT NULL,
  `user_id` int(11) DEFAULT NULL,
  `ip_address` varchar(45) COLLATE utf8mb4_unicode_ci DEFAULT NULL,
  `user_agent` text COLLATE utf8mb4_unicode_ci,
  `payload` text COLLATE utf8mb4_unicode_ci NOT NULL,
  `last_activity` int(11) NOT NULL,
  UNIQUE KEY `sessions_id_unique` (`id`)
) ENGINE=InnoDB DEFAULT CHARSET=utf8mb4 COLLATE=utf8mb4_unicode_ci;
/*!40101 SET character_set_client = @saved_cs_client */;

--
-- Dumping data for table `sessions`
--

LOCK TABLES `sessions` WRITE;
/*!40000 ALTER TABLE `sessions` DISABLE KEYS */;
/*!40000 ALTER TABLE `sessions` ENABLE KEYS */;
UNLOCK TABLES;

--
-- Table structure for table `sponsors`
--

DROP TABLE IF EXISTS `sponsors`;
/*!40101 SET @saved_cs_client     = @@character_set_client */;
/*!40101 SET character_set_client = utf8 */;
CREATE TABLE `sponsors` (
  `id` int(10) unsigned NOT NULL AUTO_INCREMENT,
  `title` varchar(255) COLLATE utf8mb4_unicode_ci NOT NULL,
  `image` varchar(255) COLLATE utf8mb4_unicode_ci NOT NULL,
  `link` varchar(255) COLLATE utf8mb4_unicode_ci NOT NULL,
  PRIMARY KEY (`id`)
) ENGINE=InnoDB AUTO_INCREMENT=6 DEFAULT CHARSET=utf8mb4 COLLATE=utf8mb4_unicode_ci;
/*!40101 SET character_set_client = @saved_cs_client */;

--
-- Dumping data for table `sponsors`
--

LOCK TABLES `sponsors` WRITE;
/*!40000 ALTER TABLE `sponsors` DISABLE KEYS */;
INSERT INTO `sponsors` VALUES (3,'Sponser 2','image/qgjKKfBpe8DsnbTI89MukFslyZKLwLbaHN95yGd0.png','cbl.com'),(4,'Sponser 3','image/q4JeoUY34UPi9jCJaF0b0632K6QH5OBRWWrzC1t1.png','cbl.com'),(5,'Sponser 4','image/A2aZJB4EZzvtPh7GEFMFHwbMmgB3BrrCZUlt12i6.png','cbl.com');
/*!40000 ALTER TABLE `sponsors` ENABLE KEYS */;
UNLOCK TABLES;

--
-- Table structure for table `teams`
--

DROP TABLE IF EXISTS `teams`;
/*!40101 SET @saved_cs_client     = @@character_set_client */;
/*!40101 SET character_set_client = utf8 */;
CREATE TABLE `teams` (
  `id` int(10) unsigned NOT NULL AUTO_INCREMENT,
  `name` varchar(255) COLLATE utf8mb4_unicode_ci NOT NULL,
  `join_date` varchar(255) COLLATE utf8mb4_unicode_ci NOT NULL,
  `color` varchar(255) COLLATE utf8mb4_unicode_ci DEFAULT '',
  PRIMARY KEY (`id`)
) ENGINE=InnoDB AUTO_INCREMENT=374 DEFAULT CHARSET=utf8mb4 COLLATE=utf8mb4_unicode_ci;
/*!40101 SET character_set_client = @saved_cs_client */;

--
-- Dumping data for table `teams`
--

LOCK TABLES `teams` WRITE;
/*!40000 ALTER TABLE `teams` DISABLE KEYS */;
INSERT INTO `teams` VALUES (308,'team one','2018-02-24',''),(309,'team two','2018-02-24',''),(310,'Team Filler One','2099-01-09',''),(311,'Team Filler Two','2099-01-09',''),(312,'team three','2018-02-24',''),(313,'Team Four','2018-02-24',''),(326,'Team 1','2018-03-12',''),(327,'Team 2','2018-03-12',''),(328,'Team 3','2018-03-12',''),(329,'Team 4','2018-03-12',''),(330,'Team 5','2018-03-12',''),(331,'Team 6','2018-03-12',''),(332,'Team 7','2018-03-12',''),(333,'Team 8','2018-03-12',''),(334,'Team 9','2018-03-12',''),(335,'Team 10','2018-03-12',''),(336,'Team 11','2018-03-13',''),(337,'Team 12','2018-03-13',''),(338,'Team 13','2018-03-13',''),(339,'Enzo - Sean','2018-03-17',''),(340,'Caden - Lucas','2018-03-17',''),(341,'Kid Xtreme - Azai','2018-03-17',''),(342,'Berry - Nazir','2018-03-17',''),(343,'Bboy Gaia','2018-03-17',''),(344,'Benihana','2018-03-17',''),(345,'Bboy Morph','2018-03-17',''),(346,'David Lyles','2018-03-17',''),(347,'Bboy Amiin','2018-03-17',''),(348,'Brandon','2018-03-17',''),(349,'Noure','1970-01-01',''),(350,'Kenneth-Lukey','1970-01-01',''),(351,'Bboy Z-Valentino','1970-01-01',''),(352,'Bboy Doug','1970-01-01',''),(353,'Bboy Kong','1970-01-01',''),(354,'filler one','03-17-2018',''),(355,'filler two','03-17-2018',''),(356,'filler 3','1970-01-01',''),(357,'filler 4','1970-01-01',''),(358,'K-Nice - Bboy Dizzy','1970-01-01',''),(359,'Jayden - Christopher','1970-01-01',''),(360,'Bryan - Raiden','1970-01-01',''),(361,'Tanaka','1970-01-01',''),(362,'Fuzion','1970-01-01',''),(363,'Team 14','2018-03-19',''),(364,'Team 15','2018-03-19',''),(365,'Team 16','2018-03-19',''),(366,'Team 18','2018-03-19',''),(367,'Team 19','2018-03-19',''),(368,'Team 20','2018-03-19',''),(369,'Isaac','2018-03-19',''),(370,'Evan','2018-03-19',''),(371,'Competitor 1','2018-03-28',''),(372,'Competitor 2','2018-03-28',''),(373,'Freddi - Frankie','2018-03-28','');
/*!40000 ALTER TABLE `teams` ENABLE KEYS */;
UNLOCK TABLES;

--
-- Table structure for table `teamsmembers`
--

DROP TABLE IF EXISTS `teamsmembers`;
/*!40101 SET @saved_cs_client     = @@character_set_client */;
/*!40101 SET character_set_client = utf8 */;
CREATE TABLE `teamsmembers` (
  `id` int(10) unsigned NOT NULL AUTO_INCREMENT,
  `pid` varchar(255) COLLATE utf8mb4_unicode_ci NOT NULL,
  `tid` varchar(255) COLLATE utf8mb4_unicode_ci NOT NULL,
  `created_at` timestamp NULL DEFAULT NULL,
  `updated_at` timestamp NULL DEFAULT NULL,
  PRIMARY KEY (`id`)
) ENGINE=InnoDB AUTO_INCREMENT=697 DEFAULT CHARSET=utf8mb4 COLLATE=utf8mb4_unicode_ci;
/*!40101 SET character_set_client = @saved_cs_client */;

--
-- Dumping data for table `teamsmembers`
--

LOCK TABLES `teamsmembers` WRITE;
/*!40000 ALTER TABLE `teamsmembers` DISABLE KEYS */;
INSERT INTO `teamsmembers` VALUES (1,'2','1',NULL,NULL),(2,'4','2',NULL,NULL),(3,'6','3',NULL,NULL),(4,'8','4',NULL,NULL),(5,'10','5',NULL,NULL),(6,'12','6',NULL,NULL),(7,'14','7',NULL,NULL),(8,'16','8',NULL,NULL),(9,'18','9',NULL,NULL),(10,'20','10',NULL,NULL),(11,'22','11',NULL,NULL),(12,'24','12',NULL,NULL),(13,'26','13',NULL,NULL),(14,'28','14',NULL,NULL),(15,'30','15',NULL,NULL),(16,'32','16',NULL,NULL),(17,'34','17',NULL,NULL),(18,'36','18',NULL,NULL),(19,'38','19',NULL,NULL),(20,'40','20',NULL,NULL),(21,'42','21',NULL,NULL),(22,'44','22',NULL,NULL),(23,'46','23',NULL,NULL),(24,'48','24',NULL,NULL),(25,'50','25',NULL,NULL),(26,'52','26',NULL,NULL),(27,'54','27',NULL,NULL),(28,'56','28',NULL,NULL),(29,'58','29',NULL,NULL),(30,'60','30',NULL,NULL),(31,'62','31',NULL,NULL),(32,'64','32',NULL,NULL),(33,'66','33',NULL,NULL),(34,'68','34',NULL,NULL),(35,'70','35',NULL,NULL),(36,'72','36',NULL,NULL),(37,'74','37',NULL,NULL),(38,'76','38',NULL,NULL),(39,'78','39',NULL,NULL),(40,'80','40',NULL,NULL),(41,'82','41',NULL,NULL),(42,'84','42',NULL,NULL),(43,'86','43',NULL,NULL),(44,'88','44',NULL,NULL),(45,'90','45',NULL,NULL),(46,'92','46',NULL,NULL),(47,'94','47',NULL,NULL),(48,'96','48',NULL,NULL),(49,'98','49',NULL,NULL),(50,'100','50',NULL,NULL),(51,'102','51',NULL,NULL),(52,'104','52',NULL,NULL),(53,'106','53',NULL,NULL),(54,'108','54',NULL,NULL),(55,'110','55',NULL,NULL),(56,'112','56',NULL,NULL),(57,'114','57',NULL,NULL),(58,'116','58',NULL,NULL),(59,'118','59',NULL,NULL),(60,'120','60',NULL,NULL),(61,'122','61',NULL,NULL),(62,'124','62',NULL,NULL),(63,'126','63',NULL,NULL),(64,'128','64',NULL,NULL),(295,'1','65',NULL,NULL),(296,'2','65',NULL,NULL),(297,'3','66',NULL,NULL),(298,'4','66',NULL,NULL),(299,'5','67',NULL,NULL),(300,'6','67',NULL,NULL),(301,'7','68',NULL,NULL),(302,'8','68',NULL,NULL),(303,'9','69',NULL,NULL),(304,'10','69',NULL,NULL),(305,'11','70',NULL,NULL),(306,'12','70',NULL,NULL),(307,'13','71',NULL,NULL),(308,'14','71',NULL,NULL),(309,'15','72',NULL,NULL),(310,'16','72',NULL,NULL),(311,'17','73',NULL,NULL),(312,'18','73',NULL,NULL),(313,'19','74',NULL,NULL),(314,'20','74',NULL,NULL),(315,'21','75',NULL,NULL),(316,'22','75',NULL,NULL),(317,'23','76',NULL,NULL),(318,'24','76',NULL,NULL),(319,'25','77',NULL,NULL),(320,'26','77',NULL,NULL),(321,'27','78',NULL,NULL),(322,'28','78',NULL,NULL),(323,'29','79',NULL,NULL),(324,'30','79',NULL,NULL),(325,'31','80',NULL,NULL),(326,'32','80',NULL,NULL),(327,'33','81',NULL,NULL),(328,'34','81',NULL,NULL),(329,'35','82',NULL,NULL),(330,'36','82',NULL,NULL),(331,'37','83',NULL,NULL),(332,'38','83',NULL,NULL),(333,'39','84',NULL,NULL),(334,'40','84',NULL,NULL),(335,'41','85',NULL,NULL),(336,'42','85',NULL,NULL),(337,'43','86',NULL,NULL),(338,'44','86',NULL,NULL),(339,'45','87',NULL,NULL),(340,'46','87',NULL,NULL),(341,'47','88',NULL,NULL),(342,'48','88',NULL,NULL),(343,'49','89',NULL,NULL),(344,'50','89',NULL,NULL),(345,'51','90',NULL,NULL),(346,'52','90',NULL,NULL),(347,'53','91',NULL,NULL),(348,'54','91',NULL,NULL),(349,'55','92',NULL,NULL),(350,'56','92',NULL,NULL),(351,'57','93',NULL,NULL),(352,'58','93',NULL,NULL),(353,'59','94',NULL,NULL),(354,'60','94',NULL,NULL),(355,'61','95',NULL,NULL),(356,'62','95',NULL,NULL),(357,'63','96',NULL,NULL),(358,'64','96',NULL,NULL),(359,'65','97',NULL,NULL),(360,'66','97',NULL,NULL),(361,'67','98',NULL,NULL),(362,'68','98',NULL,NULL),(363,'69','99',NULL,NULL),(364,'70','99',NULL,NULL),(365,'71','100',NULL,NULL),(366,'72','100',NULL,NULL),(367,'73','101',NULL,NULL),(368,'74','101',NULL,NULL),(369,'75','102',NULL,NULL),(370,'76','102',NULL,NULL),(371,'77','103',NULL,NULL),(372,'78','103',NULL,NULL),(373,'79','104',NULL,NULL),(374,'80','104',NULL,NULL),(375,'81','105',NULL,NULL),(376,'82','105',NULL,NULL),(377,'83','106',NULL,NULL),(378,'84','106',NULL,NULL),(379,'85','107',NULL,NULL),(380,'86','107',NULL,NULL),(381,'87','108',NULL,NULL),(382,'88','108',NULL,NULL),(383,'89','109',NULL,NULL),(384,'90','109',NULL,NULL),(385,'91','110',NULL,NULL),(386,'92','110',NULL,NULL),(387,'93','111',NULL,NULL),(388,'94','111',NULL,NULL),(389,'95','112',NULL,NULL),(390,'96','112',NULL,NULL),(391,'97','113',NULL,NULL),(392,'98','113',NULL,NULL),(393,'99','114',NULL,NULL),(394,'100','114',NULL,NULL),(395,'101','115',NULL,NULL),(396,'102','115',NULL,NULL),(397,'103','116',NULL,NULL),(398,'104','116',NULL,NULL),(399,'105','117',NULL,NULL),(400,'106','117',NULL,NULL),(401,'107','118',NULL,NULL),(402,'108','118',NULL,NULL),(403,'109','119',NULL,NULL),(404,'110','119',NULL,NULL),(405,'111','120',NULL,NULL),(406,'112','120',NULL,NULL),(407,'113','121',NULL,NULL),(408,'114','121',NULL,NULL),(409,'115','122',NULL,NULL),(410,'116','122',NULL,NULL),(411,'117','123',NULL,NULL),(412,'118','123',NULL,NULL),(413,'119','124',NULL,NULL),(414,'120','124',NULL,NULL),(415,'121','125',NULL,NULL),(416,'122','125',NULL,NULL),(417,'123','126',NULL,NULL),(418,'124','126',NULL,NULL),(419,'125','127',NULL,NULL),(420,'126','127',NULL,NULL),(421,'127','128',NULL,NULL),(422,'128','128',NULL,NULL),(423,'129','129',NULL,NULL),(424,'130','129',NULL,NULL),(425,'131','130',NULL,NULL),(426,'132','130',NULL,NULL),(427,'133','131',NULL,NULL),(428,'134','131',NULL,NULL),(429,'135','132',NULL,NULL),(430,'136','132',NULL,NULL),(431,'137','133',NULL,NULL),(432,'138','133',NULL,NULL),(433,'139','134',NULL,NULL),(434,'140','134',NULL,NULL),(435,'141','135',NULL,NULL),(436,'142','135',NULL,NULL),(437,'143','136',NULL,NULL),(438,'144','136',NULL,NULL),(439,'145','137',NULL,NULL),(440,'146','137',NULL,NULL),(441,'147','138',NULL,NULL),(442,'148','138',NULL,NULL),(443,'149','139',NULL,NULL),(444,'150','139',NULL,NULL),(445,'151','140',NULL,NULL),(446,'152','140',NULL,NULL),(447,'153','141',NULL,NULL),(448,'154','141',NULL,NULL),(449,'155','142',NULL,NULL),(450,'156','142',NULL,NULL),(451,'157','143',NULL,NULL),(452,'158','143',NULL,NULL),(453,'159','144',NULL,NULL),(454,'160','144',NULL,NULL),(455,'161','145',NULL,NULL),(456,'162','145',NULL,NULL),(457,'163','146',NULL,NULL),(458,'164','146',NULL,NULL),(459,'165','147',NULL,NULL),(460,'166','147',NULL,NULL),(461,'167','148',NULL,NULL),(462,'168','148',NULL,NULL),(463,'169','149',NULL,NULL),(464,'170','149',NULL,NULL),(465,'171','150',NULL,NULL),(466,'172','150',NULL,NULL),(467,'173','151',NULL,NULL),(468,'174','151',NULL,NULL),(469,'175','152',NULL,NULL),(470,'176','152',NULL,NULL),(471,'177','153',NULL,NULL),(472,'178','153',NULL,NULL),(473,'179','154',NULL,NULL),(474,'180','154',NULL,NULL),(475,'181','155',NULL,NULL),(476,'182','155',NULL,NULL),(477,'183','156',NULL,NULL),(478,'184','156',NULL,NULL),(479,'185','157',NULL,NULL),(480,'186','157',NULL,NULL),(481,'187','158',NULL,NULL),(482,'188','158',NULL,NULL),(483,'189','159',NULL,NULL),(484,'190','159',NULL,NULL),(485,'191','160',NULL,NULL),(486,'192','160',NULL,NULL),(487,'193','161',NULL,NULL),(488,'194','161',NULL,NULL),(489,'195','162',NULL,NULL),(490,'196','162',NULL,NULL),(491,'197','163',NULL,NULL),(492,'198','163',NULL,NULL),(493,'199','164',NULL,NULL),(494,'200','164',NULL,NULL),(495,'201','165',NULL,NULL),(496,'202','165',NULL,NULL),(497,'203','166',NULL,NULL),(498,'204','166',NULL,NULL),(499,'205','167',NULL,NULL),(500,'206','167',NULL,NULL),(501,'207','168',NULL,NULL),(502,'208','168',NULL,NULL),(503,'209','169',NULL,NULL),(504,'210','169',NULL,NULL),(505,'211','170',NULL,NULL),(506,'212','170',NULL,NULL),(507,'213','171',NULL,NULL),(508,'214','171',NULL,NULL),(509,'215','172',NULL,NULL),(510,'216','172',NULL,NULL),(511,'217','173',NULL,NULL),(512,'218','173',NULL,NULL),(513,'219','174',NULL,NULL),(514,'220','174',NULL,NULL),(515,'221','175',NULL,NULL),(516,'222','175',NULL,NULL),(517,'223','176',NULL,NULL),(518,'224','176',NULL,NULL),(519,'225','177',NULL,NULL),(520,'226','177',NULL,NULL),(521,'227','178',NULL,NULL),(522,'228','178',NULL,NULL),(523,'229','179',NULL,NULL),(524,'230','179',NULL,NULL),(525,'231','180',NULL,NULL),(526,'232','180',NULL,NULL),(527,'1','189',NULL,NULL),(528,'3','189',NULL,NULL),(529,'177','284',NULL,NULL),(530,'171','289',NULL,NULL),(531,'174','287',NULL,NULL),(532,'176','288',NULL,NULL),(533,'178','285',NULL,NULL),(534,'175','286',NULL,NULL),(535,'173','290',NULL,NULL),(536,'179','291',NULL,NULL),(537,'172','292',NULL,NULL),(538,'asdf','293',NULL,NULL),(539,'asdf','295',NULL,NULL),(540,'181','296',NULL,NULL),(541,'181','297',NULL,NULL),(542,'182','297',NULL,NULL),(561,'211','307',NULL,NULL),(562,'185','298',NULL,NULL),(563,'186','298',NULL,NULL),(564,'189','299',NULL,NULL),(565,'190','299',NULL,NULL),(566,'192','300',NULL,NULL),(567,'206','300',NULL,NULL),(568,'193','301',NULL,NULL),(569,'209','301',NULL,NULL),(570,'194','302',NULL,NULL),(571,'195','302',NULL,NULL),(572,'196','303',NULL,NULL),(573,'207','303',NULL,NULL),(574,'205','304',NULL,NULL),(575,'197','304',NULL,NULL),(576,'199','305',NULL,NULL),(577,'202','305',NULL,NULL),(578,'200','306',NULL,NULL),(579,'203','306',NULL,NULL),(580,'185','308',NULL,NULL),(581,'190','308',NULL,NULL),(582,'196','309',NULL,NULL),(583,'204','309',NULL,NULL),(584,'181','310',NULL,NULL),(585,'181','311',NULL,NULL),(586,'182','311',NULL,NULL),(587,'188','312',NULL,NULL),(588,'194','312',NULL,NULL),(589,'186','313',NULL,NULL),(590,'208','313',NULL,NULL),(591,'198','314',NULL,NULL),(592,'212','314',NULL,NULL),(593,'215','315',NULL,NULL),(598,'188','318',NULL,NULL),(599,'220','318',NULL,NULL),(602,'214','316',NULL,NULL),(603,'216','316',NULL,NULL),(604,'218','317',NULL,NULL),(605,'217','317',NULL,NULL),(606,'222','319',NULL,NULL),(607,'223','319',NULL,NULL),(608,'221','320',NULL,NULL),(609,'224','320',NULL,NULL),(610,'208','321',NULL,NULL),(611,'225','321',NULL,NULL),(612,'210','322',NULL,NULL),(613,'226','322',NULL,NULL),(614,'219','323',NULL,NULL),(615,'228','323',NULL,NULL),(616,'187','324',NULL,NULL),(617,'185','324',NULL,NULL),(618,'230','325',NULL,NULL),(619,'231','325',NULL,NULL),(620,'220','326',NULL,NULL),(621,'198','326',NULL,NULL),(622,'188','327',NULL,NULL),(623,'203','327',NULL,NULL),(624,'198','328',NULL,NULL),(625,'211','328',NULL,NULL),(626,'182','329',NULL,NULL),(627,'186','329',NULL,NULL),(628,'218','330',NULL,NULL),(629,'204','330',NULL,NULL),(630,'205','331',NULL,NULL),(631,'215','331',NULL,NULL),(632,'189','332',NULL,NULL),(633,'190','332',NULL,NULL),(634,'190','333',NULL,NULL),(635,'203','333',NULL,NULL),(636,'206','334',NULL,NULL),(637,'220','334',NULL,NULL),(638,'205','335',NULL,NULL),(639,'202','335',NULL,NULL),(640,'196','338',NULL,NULL),(641,'193','338',NULL,NULL),(642,'206','336',NULL,NULL),(643,'204','336',NULL,NULL),(644,'196','337',NULL,NULL),(645,'208','337',NULL,NULL),(646,'232','339',NULL,NULL),(647,'233','339',NULL,NULL),(648,'234','340',NULL,NULL),(649,'235','340',NULL,NULL),(650,'236','341',NULL,NULL),(651,'237','341',NULL,NULL),(652,'238','342',NULL,NULL),(653,'213','342',NULL,NULL),(654,'242','343',NULL,NULL),(655,'243','344',NULL,NULL),(657,'247','345',NULL,NULL),(658,'248','346',NULL,NULL),(659,'248','347',NULL,NULL),(660,'250','348',NULL,NULL),(661,'252','349',NULL,NULL),(662,'244','350',NULL,NULL),(663,'251','350',NULL,NULL),(664,'240','351',NULL,NULL),(665,'241','351',NULL,NULL),(666,'253','352',NULL,NULL),(667,'254','353',NULL,NULL),(668,'202','357',NULL,NULL),(669,'188','356',NULL,NULL),(670,'255','358',NULL,NULL),(671,'256','358',NULL,NULL),(672,'257','359',NULL,NULL),(673,'246','359',NULL,NULL),(674,'245','360',NULL,NULL),(675,'258','360',NULL,NULL),(676,'259','361',NULL,NULL),(677,'260','362',NULL,NULL),(678,'186','363',NULL,NULL),(679,'190','363',NULL,NULL),(680,'204','364',NULL,NULL),(681,'193','364',NULL,NULL),(682,'208','365',NULL,NULL),(683,'250','365',NULL,NULL),(684,'202','366',NULL,NULL),(685,'186','366',NULL,NULL),(686,'214','367',NULL,NULL),(687,'228','367',NULL,NULL),(688,'185','368',NULL,NULL),(689,'202','368',NULL,NULL),(690,'262','370',NULL,NULL),(691,'261','369',NULL,NULL),(693,'263','371',NULL,NULL),(694,'264','372',NULL,NULL),(695,'265','373',NULL,NULL),(696,'266','373',NULL,NULL);
/*!40000 ALTER TABLE `teamsmembers` ENABLE KEYS */;
UNLOCK TABLES;

--
-- Table structure for table `users`
--

DROP TABLE IF EXISTS `users`;
/*!40101 SET @saved_cs_client     = @@character_set_client */;
/*!40101 SET character_set_client = utf8 */;
CREATE TABLE `users` (
  `id` int(10) unsigned NOT NULL AUTO_INCREMENT,
  `name` varchar(255) COLLATE utf8mb4_unicode_ci NOT NULL,
  `email` varchar(255) COLLATE utf8mb4_unicode_ci NOT NULL,
  `password` varchar(255) COLLATE utf8mb4_unicode_ci NOT NULL,
  `remember_token` varchar(100) COLLATE utf8mb4_unicode_ci DEFAULT NULL,
  `created_at` timestamp NULL DEFAULT NULL,
  `updated_at` timestamp NULL DEFAULT NULL,
  `username` varchar(255) COLLATE utf8mb4_unicode_ci DEFAULT NULL,
  PRIMARY KEY (`id`),
  UNIQUE KEY `users_email_unique` (`email`)
) ENGINE=InnoDB AUTO_INCREMENT=3 DEFAULT CHARSET=utf8mb4 COLLATE=utf8mb4_unicode_ci;
/*!40101 SET character_set_client = @saved_cs_client */;

--
-- Dumping data for table `users`
--

LOCK TABLES `users` WRITE;
/*!40000 ALTER TABLE `users` DISABLE KEYS */;
INSERT INTO `users` VALUES (1,'M Awais','competitivebreakin@gmail.com','$2a$04$jXbu/zU.YA9VAcFtBFiAcuife.7EQ/NKJFOGEazOPZfQUQLCp2cCC','DloBCO7eXXxFEtJPuSLTPjrqDm3fG4oVO3Vi5EsplpeMVMelXziH9Vkius0t',NULL,NULL,NULL),(2,'Mute Ur Rehmaan','mur@mail.com','$2a$04$FltYc6sW5JB5ytApJTYasur3cQlckQot8.SQJbo8ffVX2o5oRlZta',NULL,NULL,NULL,'mur');
/*!40000 ALTER TABLE `users` ENABLE KEYS */;
UNLOCK TABLES;
/*!40103 SET TIME_ZONE=@OLD_TIME_ZONE */;

/*!40101 SET SQL_MODE=@OLD_SQL_MODE */;
/*!40014 SET FOREIGN_KEY_CHECKS=@OLD_FOREIGN_KEY_CHECKS */;
/*!40014 SET UNIQUE_CHECKS=@OLD_UNIQUE_CHECKS */;
/*!40101 SET CHARACTER_SET_CLIENT=@OLD_CHARACTER_SET_CLIENT */;
/*!40101 SET CHARACTER_SET_RESULTS=@OLD_CHARACTER_SET_RESULTS */;
/*!40101 SET COLLATION_CONNECTION=@OLD_COLLATION_CONNECTION */;
/*!40111 SET SQL_NOTES=@OLD_SQL_NOTES */;

-- Dump completed on 2018-04-21 12:30:54
